cot_date,week_start,week_end,open,high,low,close,change,change_pct,range,range_pct,coverage_status,observed_sessions,expected_sessions,week_state,archive_status,hourly_coverage_status,observed_hourly_bars,expected_hourly_bars,holiday_affected,calendar_note,source,price_feed,currency,price_semantics,time_semantics,week_timezone,display_timezone,window_start_utc,window_end_utc,week_start_at,week_end_at,actual_cot_release_at_utc,research_availability_note,high_date,high_weekday,high_daily_tie_count,high_time_utc,high_time_taipei,high_time_precision,high_time_reason,high_hour_bucket_tie_count,high_first_hour_bucket_verified,high_weekday_taipei,low_date,low_weekday,low_daily_tie_count,low_time_utc,low_time_taipei,low_time_precision,low_time_reason,low_hour_bucket_tie_count,low_first_hour_bucket_verified,low_weekday_taipei,time_precision,extreme_order,high_hourly_comparison_price,low_hourly_comparison_price
2026-07-07,2026-07-13,2026-07-17,4106.60009765625,4112.5,3963.0,4018.800048828125,-87.800048828125,-0.021380228593048223,149.5,0.03640481090070683,COMPLETE_DAILY,5,5,ENDED,CURRENT_QUERY,COMPLETE_OBSERVED_HOURLY,115,115,False,Weekday daily-bar labels; normal COMEX 18:00–17:00 America/New_York sessions.,Yahoo Finance GC=F,GC=F,USD,First daily session open and last daily vendor close; not an official CME settlement series.,"One-hour bucket start/end, not the exact minute of an extremum. First matching observed bucket only when daily prices reconcile.",America/New_York,Asia/Taipei,2026-07-12T22:00:00+00:00,2026-07-17T21:00:00+00:00,2026-07-12T22:00:00+00:00,2026-07-17T21:00:00+00:00,,Observation-next-calendar-week rule. Actual CFTC publication time must be checked separately before claiming a no-look-ahead study.,2026-07-14,Tuesday,1,2026-07-14T12:00:00+00:00,2026-07-14T20:00:00+08:00,hour_bucket,MATCHED_FIRST_OBSERVED_HOUR_BUCKET,1,True,Tuesday,2026-07-17,Friday,1,2026-07-17T13:00:00+00:00,2026-07-17T21:00:00+08:00,hour_bucket,MATCHED_FIRST_OBSERVED_HOUR_BUCKET,1,True,Friday,hour_bucket,HIGH_THEN_LOW,,
2026-07-14,2026-07-20,2026-07-24,4005.60009765625,4171.39990234375,3986.5,4070.800048828125,65.199951171875,0.016277199316533153,184.89990234375,0.0461603499690192,COMPLETE_DAILY,5,5,ENDED,CURRENT_QUERY,COMPLETE_OBSERVED_HOURLY,115,115,False,Weekday daily-bar labels; normal COMEX 18:00–17:00 America/New_York sessions.,Yahoo Finance GC=F,GC=F,USD,First daily session open and last daily vendor close; not an official CME settlement series.,"One-hour bucket start/end, not the exact minute of an extremum. First matching observed bucket only when daily prices reconcile.",America/New_York,Asia/Taipei,2026-07-19T22:00:00+00:00,2026-07-24T21:00:00+00:00,2026-07-19T22:00:00+00:00,2026-07-24T21:00:00+00:00,,Observation-next-calendar-week rule. Actual CFTC publication time must be checked separately before claiming a no-look-ahead study.,2026-07-22,Wednesday,1,2026-07-22T15:00:00+00:00,2026-07-22T23:00:00+08:00,hour_bucket,MATCHED_FIRST_OBSERVED_HOUR_BUCKET,1,True,Wednesday,2026-07-20,Monday,1,2026-07-20T00:00:00+00:00,2026-07-20T08:00:00+08:00,hour_bucket,MATCHED_FIRST_OBSERVED_HOUR_BUCKET,1,True,Monday,hour_bucket,LOW_THEN_HIGH,,
2026-07-21,2026-07-27,2026-07-31,4097.5,4170.7001953125,3993.800048828125,4107.0,9.5,0.00231848688224523,176.900146484375,0.043172702009609515,COMPLETE_DAILY,5,5,ENDED,CURRENT_QUERY,COMPLETE_OBSERVED_HOURLY,115,115,False,Weekday daily-bar labels; normal COMEX 18:00–17:00 America/New_York sessions.,Yahoo Finance GC=F,GC=F,USD,First daily session open and last daily vendor close; not an official CME settlement series.,"One-hour bucket start/end, not the exact minute of an extremum. First matching observed bucket only when daily prices reconcile.",America/New_York,Asia/Taipei,2026-07-26T22:00:00+00:00,2026-07-31T21:00:00+00:00,2026-07-26T22:00:00+00:00,2026-07-31T21:00:00+00:00,,Observation-next-calendar-week rule. Actual CFTC publication time must be checked separately before claiming a no-look-ahead study.,2026-07-31,Friday,1,,,day,DAILY_HOURLY_EXTREME_MISMATCH,0,False,,2026-07-29,Wednesday,1,,,day,DAILY_HOURLY_EXTREME_MISMATCH,0,False,,day,LOW_THEN_HIGH,4180.2001953125,4009.300048828125
2026-07-28,2026-08-03,2026-08-07,4135.2001953125,4432.2998046875,4074.0,4399.7001953125,264.5,0.06396304592455437,358.2998046875,0.0866463019356728,COMPLETE_DAILY,5,5,ENDED,CURRENT_QUERY,COMPLETE_OBSERVED_HOURLY,115,115,False,Weekday daily-bar labels; normal COMEX 18:00–17:00 America/New_York sessions.,Yahoo Finance GC=F,GC=F,USD,First daily session open and last daily vendor close; not an official CME settlement series.,"One-hour bucket start/end, not the exact minute of an extremum. First matching observed bucket only when daily prices reconcile.",America/New_York,Asia/Taipei,2026-08-02T22:00:00+00:00,2026-08-07T21:00:00+00:00,2026-08-02T22:00:00+00:00,2026-08-07T21:00:00+00:00,,Observation-next-calendar-week rule. Actual CFTC publication time must be checked separately before claiming a no-look-ahead study.,2026-08-07,Friday,1,2026-08-07T12:00:00+00:00,2026-08-07T20:00:00+08:00,hour_bucket,MATCHED_FIRST_OBSERVED_HOUR_BUCKET,1,True,Friday,2026-08-03,Monday,1,2026-08-03T13:00:00+00:00,2026-08-03T21:00:00+08:00,hour_bucket,MATCHED_FIRST_OBSERVED_HOUR_BUCKET,1,True,Monday,hour_bucket,LOW_THEN_HIGH,,
2026-08-04,2026-08-10,2026-08-14,4400.0,4509.10009765625,4365.5,4437.2998046875,37.2998046875,0.008477228338068077,143.60009765625,0.03263638583096591,COMPLETE_DAILY,5,5,ENDED,CURRENT_QUERY,COMPLETE_OBSERVED_HOURLY,115,115,False,Weekday daily-bar labels; normal COMEX 18:00–17:00 America/New_York sessions.,Yahoo Finance GC=F,GC=F,USD,First daily session open and last daily vendor close; not an official CME settlement series.,"One-hour bucket start/end, not the exact minute of an extremum. First matching observed bucket only when daily prices reconcile.",America/New_York,Asia/Taipei,2026-08-09T22:00:00+00:00,2026-08-14T21:00:00+00:00,2026-08-09T22:00:00+00:00,2026-08-14T21:00:00+00:00,,Observation-next-calendar-week rule. Actual CFTC publication time must be checked separately before claiming a no-look-ahead study.,2026-08-13,Thursday,1,2026-08-13T00:00:00+00:00,2026-08-13T08:00:00+08:00,hour_bucket,MATCHED_FIRST_OBSERVED_HOUR_BUCKET,1,True,Thursday,2026-08-14,Friday,1,2026-08-14T02:00:00+00:00,2026-08-14T10:00:00+08:00,hour_bucket,MATCHED_FIRST_OBSERVED_HOUR_BUCKET,1,True,Friday,hour_bucket,HIGH_THEN_LOW,,
2026-08-11,2026-08-17,2026-08-21,4440.0,4690.39990234375,4378.0,4680.60009765625,240.60009765625,0.054189211183840014,312.39990234375,0.07036033836570946,COMPLETE_DAILY,5,5,ENDED,CURRENT_QUERY,COMPLETE_OBSERVED_HOURLY,115,115,False,Weekday daily-bar labels; normal COMEX 18:00–17:00 America/New_York sessions.,Yahoo Finance GC=F,GC=F,USD,First daily session open and last daily vendor close; not an official CME settlement series.,"One-hour bucket start/end, not the exact minute of an extremum. First matching observed bucket only when daily prices reconcile.",America/New_York,Asia/Taipei,2026-08-16T22:00:00+00:00,2026-08-21T21:00:00+00:00,2026-08-16T22:00:00+00:00,2026-08-21T21:00:00+00:00,,Observation-next-calendar-week rule. Actual CFTC publication time must be checked separately before claiming a no-look-ahead study.,2026-08-21,Friday,1,2026-08-21T17:00:00+00:00,2026-08-22T01:00:00+08:00,hour_bucket,MATCHED_FIRST_OBSERVED_HOUR_BUCKET,1,True,Saturday,2026-08-19,Wednesday,1,2026-08-19T01:00:00+00:00,2026-08-19T09:00:00+08:00,hour_bucket,MATCHED_FIRST_OBSERVED_HOUR_BUCKET,1,True,Wednesday,hour_bucket,LOW_THEN_HIGH,,
2026-08-18,2026-08-24,2026-08-28,4673.39990234375,4755.0,4495.0,4529.89990234375,-143.5,-0.03070569670873524,260.0,0.05563401494265616,COMPLETE_DAILY,5,5,ENDED,CURRENT_QUERY,COMPLETE_OBSERVED_HOURLY,115,115,False,Weekday daily-bar labels; normal COMEX 18:00–17:00 America/New_York sessions.,Yahoo Finance GC=F,GC=F,USD,First daily session open and last daily vendor close; not an official CME settlement series.,"One-hour bucket start/end, not the exact minute of an extremum. First matching observed bucket only when daily prices reconcile.",America/New_York,Asia/Taipei,2026-08-23T22:00:00+00:00,2026-08-28T21:00:00+00:00,2026-08-23T22:00:00+00:00,2026-08-28T21:00:00+00:00,,Observation-next-calendar-week rule. Actual CFTC publication time must be checked separately before claiming a no-look-ahead study.,2026-08-25,Tuesday,1,2026-08-25T00:00:00+00:00,2026-08-25T08:00:00+08:00,hour_bucket,MATCHED_FIRST_OBSERVED_HOUR_BUCKET,1,True,Tuesday,2026-08-28,Friday,1,2026-08-28T18:00:00+00:00,2026-08-29T02:00:00+08:00,hour_bucket,MATCHED_FIRST_OBSERVED_HOUR_BUCKET,1,True,Saturday,hour_bucket,HIGH_THEN_LOW,,
2026-08-25,2026-08-31,2026-09-04,4483.2001953125,4558.5,4329.2001953125,4476.60009765625,-6.60009765625,-0.0014721844594740574,229.2998046875,0.05114645670457657,COMPLETE_DAILY,5,5,ENDED,CURRENT_QUERY,COMPLETE_OBSERVED_HOURLY,115,115,False,Weekday daily-bar labels; normal COMEX 18:00–17:00 America/New_York sessions.,Yahoo Finance GC=F,GC=F,USD,First daily session open and last daily vendor close; not an official CME settlement series.,"One-hour bucket start/end, not the exact minute of an extremum. First matching observed bucket only when daily prices reconcile.",America/New_York,Asia/Taipei,2026-08-30T22:00:00+00:00,2026-09-04T21:00:00+00:00,2026-08-30T22:00:00+00:00,2026-09-04T21:00:00+00:00,,Observation-next-calendar-week rule. Actual CFTC publication time must be checked separately before claiming a no-look-ahead study.,2026-09-03,Thursday,1,2026-09-03T15:00:00+00:00,2026-09-03T23:00:00+08:00,hour_bucket,MATCHED_FIRST_OBSERVED_HOUR_BUCKET,1,True,Thursday,2026-09-02,Wednesday,1,2026-09-02T03:00:00+00:00,2026-09-02T11:00:00+08:00,hour_bucket,MATCHED_FIRST_OBSERVED_HOUR_BUCKET,1,True,Wednesday,hour_bucket,LOW_THEN_HIGH,,
2026-09-01,2026-09-07,2026-09-11,4466.5,4488.7998046875,4333.0,4408.89990234375,-57.60009765625,-0.012896025446378578,155.7998046875,0.034881854849994405,COMPLETE_DAILY,4,4,ENDED,CURRENT_QUERY,PARTIAL,86,,True,Holiday-adjusted vendor daily labels; four daily labels do not prove complete intraday trading coverage.,Yahoo Finance GC=F,GC=F,USD,First daily session open and last daily vendor close; not an official CME settlement series.,"One-hour bucket start/end, not the exact minute of an extremum. First matching observed bucket only when daily prices reconcile.",America/New_York,Asia/Taipei,2026-09-06T22:00:00+00:00,2026-09-11T21:00:00+00:00,2026-09-06T22:00:00+00:00,2026-09-11T21:00:00+00:00,,Observation-next-calendar-week rule. Actual CFTC publication time must be checked separately before claiming a no-look-ahead study.,2026-09-08,Tuesday,1,2026-09-08T04:00:00+00:00,2026-09-08T12:00:00+08:00,hour_bucket,MATCHED_OBSERVED_BUCKET_INCOMPLETE_HOURLY_COVERAGE,1,False,Tuesday,2026-09-11,Friday,1,2026-09-11T12:00:00+00:00,2026-09-11T20:00:00+08:00,hour_bucket,MATCHED_OBSERVED_BUCKET_INCOMPLETE_HOURLY_COVERAGE,1,False,Friday,hour_bucket,HIGH_THEN_LOW,,
2026-09-08,2026-09-14,2026-09-18,4375.0,4439.7998046875,4273.2998046875,4424.89990234375,49.89990234375,0.011405691964285758,166.5,0.03805714285714286,COMPLETE_DAILY,5,5,ENDED,CURRENT_QUERY,COMPLETE_OBSERVED_HOURLY,115,115,False,Weekday daily-bar labels; normal COMEX 18:00–17:00 America/New_York sessions.,Yahoo Finance GC=F,GC=F,USD,First daily session open and last daily vendor close; not an official CME settlement series.,"One-hour bucket start/end, not the exact minute of an extremum. First matching observed bucket only when daily prices reconcile.",America/New_York,Asia/Taipei,2026-09-13T22:00:00+00:00,2026-09-18T21:00:00+00:00,2026-09-13T22:00:00+00:00,2026-09-18T21:00:00+00:00,,Observation-next-calendar-week rule. Actual CFTC publication time must be checked separately before claiming a no-look-ahead study.,2026-09-18,Friday,1,2026-09-18T07:00:00+00:00,2026-09-18T15:00:00+08:00,hour_bucket,MATCHED_FIRST_OBSERVED_HOUR_BUCKET,1,True,Friday,2026-09-16,Wednesday,1,2026-09-16T19:00:00+00:00,2026-09-17T03:00:00+08:00,hour_bucket,MATCHED_FIRST_OBSERVED_HOUR_BUCKET,1,True,Thursday,hour_bucket,LOW_THEN_HIGH,,
2026-09-15,2026-09-21,2026-09-25,4413.0,4422.10009765625,4278.2998046875,4321.2001953125,-91.7998046875,-0.020802131132449553,143.80029296875,0.032585609102368004,COMPLETE_DAILY,5,5,ENDED,CURRENT_QUERY,COMPLETE_OBSERVED_HOURLY,115,115,False,Weekday daily-bar labels; normal COMEX 18:00–17:00 America/New_York sessions.,Yahoo Finance GC=F,GC=F,USD,First daily session open and last daily vendor close; not an official CME settlement series.,"One-hour bucket start/end, not the exact minute of an extremum. First matching observed bucket only when daily prices reconcile.",America/New_York,Asia/Taipei,2026-09-20T22:00:00+00:00,2026-09-25T21:00:00+00:00,2026-09-20T22:00:00+00:00,2026-09-25T21:00:00+00:00,,Observation-next-calendar-week rule. Actual CFTC publication time must be checked separately before claiming a no-look-ahead study.,2026-09-21,Monday,1,2026-09-21T01:00:00+00:00,2026-09-21T09:00:00+08:00,hour_bucket,MATCHED_FIRST_OBSERVED_HOUR_BUCKET,1,True,Monday,2026-09-24,Thursday,1,2026-09-24T10:00:00+00:00,2026-09-24T18:00:00+08:00,hour_bucket,MATCHED_FIRST_OBSERVED_HOUR_BUCKET,1,True,Thursday,hour_bucket,HIGH_THEN_LOW,,
2026-09-22,2026-09-28,2026-10-02,4315.0,4315.60009765625,4143.10009765625,4162.2998046875,-152.7001953125,-0.035388226028389314,172.5,0.03997682502896872,COMPLETE_DAILY,5,5,ENDED,CURRENT_QUERY,COMPLETE_OBSERVED_HOURLY,115,115,False,Weekday daily-bar labels; normal COMEX 18:00–17:00 America/New_York sessions.,Yahoo Finance GC=F,GC=F,USD,First daily session open and last daily vendor close; not an official CME settlement series.,"One-hour bucket start/end, not the exact minute of an extremum. First matching observed bucket only when daily prices reconcile.",America/New_York,Asia/Taipei,2026-09-27T22:00:00+00:00,2026-10-02T21:00:00+00:00,2026-09-27T22:00:00+00:00,2026-10-02T21:00:00+00:00,,Observation-next-calendar-week rule. Actual CFTC publication time must be checked separately before claiming a no-look-ahead study.,2026-09-28,Monday,1,,,day,DAILY_HOURLY_EXTREME_MISMATCH,0,False,,2026-09-28,Monday,1,2026-09-28T14:00:00+00:00,2026-09-28T22:00:00+08:00,hour_bucket,MATCHED_FIRST_OBSERVED_HOUR_BUCKET,1,True,Monday,mixed,SAME_DAY_UNKNOWN,4310.0,
2026-09-29,2026-10-05,2026-10-09,,,,,,,,,PENDING,0,5,PENDING,CURRENT_QUERY,PENDING,0,115,False,Weekday daily-bar labels; normal COMEX 18:00–17:00 America/New_York sessions.,Yahoo Finance GC=F,GC=F,USD,First daily session open and last daily vendor close; not an official CME settlement series.,"One-hour bucket start/end, not the exact minute of an extremum. First matching observed bucket only when daily prices reconcile.",America/New_York,Asia/Taipei,2026-10-04T22:00:00+00:00,2026-10-09T21:00:00+00:00,2026-10-04T22:00:00+00:00,2026-10-09T21:00:00+00:00,,Observation-next-calendar-week rule. Actual CFTC publication time must be checked separately before claiming a no-look-ahead study.,,,0,,,unavailable,NO_DAILY_BARS,0,False,,,,0,,,unavailable,NO_DAILY_BARS,0,False,,unavailable,UNKNOWN,,
