date,gold_close,gold_return_1w,gold_return_zscore_52w,gold_close_zscore_156w,gold_anomaly_reason
2025-02-11,2932.60009765625,0.019751042445134814,0.5988583978602058,2.5953714249671798,level_zscore_156w>=2.5
2025-02-18,2949.0,0.005592273681248594,-0.08461111675213429,2.571303421766393,level_zscore_156w>=2.5
2025-03-18,3040.800048828125,0.04104904327196102,1.6904671286752315,2.573802358302505,level_zscore_156w>=2.5
2025-04-01,3146.0,0.03969070409871289,1.6633834269602228,2.710659903621233,level_zscore_156w>=2.5
2025-04-08,2990.199951171875,-0.04952321958935946,-2.579265714626022,2.2369341818359425,abs_return_zscore_52w>=2.5
2025-04-15,3240.39990234375,0.08367331792438182,3.2841608253184087,2.8072693515668505,abs_1w_return>=5pct; abs_return_zscore_52w>=2.5; level_zscore_156w>=2.5
2025-04-22,3419.39990234375,0.05524009548035447,1.9742504593184977,3.144040568133844,abs_1w_return>=5pct; level_zscore_156w>=2.5
2025-04-29,3333.60009765625,-0.025092065022488397,-1.3365528473254165,2.8336194474071394,level_zscore_156w>=2.5
2025-05-06,3422.800048828125,0.026757843940126147,0.7760745481290753,2.946843717301448,level_zscore_156w>=2.5
2025-05-13,3247.800048828125,-0.051127730952298944,-2.2352895572229814,2.464422683580892,abs_1w_return>=5pct
2025-06-03,3377.10009765625,0.023239667186401247,0.6317982396788778,2.5546235381743942,level_zscore_156w>=2.5
2025-09-23,3815.699951171875,0.024321454763760242,0.6518255566989506,2.5487903692713756,level_zscore_156w>=2.5
2025-09-30,3873.199951171875,0.015069319059623831,0.2924612454868987,2.5820322185906046,level_zscore_156w>=2.5
2025-10-07,4004.39990234375,0.03387378726269463,0.968883901497796,2.7336563633425106,level>=4000; level_zscore_156w>=2.5
2025-10-14,4163.39990234375,0.03970632401297847,1.1590957039348362,2.9147327993465053,level>=4000; level_zscore_156w>=2.5
2025-10-21,4109.10009765625,-0.013042178498618995,-0.7919254173528252,2.7427729357385155,level>=4000; level_zscore_156w>=2.5
2025-11-10,4122.0,0.04077767958591094,1.2094106371353346,2.5702660608454573,level>=4000; level_zscore_156w>=2.5
2025-11-18,4066.5,-0.013464337700145546,-0.8441504228855717,2.4227591058334017,level>=4000
2025-11-25,4140.0,0.018074511250461,0.3390720112990348,2.4748799906105354,level>=4000
2025-12-02,4220.7998046875,0.019516861035627997,0.392497599905187,2.5320418198963326,level>=4000; level_zscore_156w>=2.5
2025-12-09,4236.2001953125,0.0036486901387497994,-0.2000278031542746,2.4901628754517744,level>=4000
2025-12-16,4332.2998046875,0.022685332360198096,0.49805097477908855,2.56313379920838,level>=4000; level_zscore_156w>=2.5
2025-12-23,4505.7001953125,0.04002502099171035,1.1203044557255153,2.733899616539689,level>=4000; level_zscore_156w>=2.5
2025-12-30,4386.2998046875,-0.026499852508877098,-1.374869114343593,2.49701258741622,level>=4000
2026-01-06,4496.10009765625,0.02503255542437155,0.5453029374827667,2.579627323793868,level>=4000; level_zscore_156w>=2.5
2026-01-13,4599.10009765625,0.022908742635354695,0.45312374569416797,2.6447243079475617,level>=4000; level_zscore_156w>=2.5
2026-01-20,4765.7998046875,0.03624615761596539,0.9414290051774822,2.782002761559809,level>=4000; level_zscore_156w>=2.5
2026-01-27,5082.60009765625,0.0664736887724815,1.9435132611147923,3.0847299939523785,level>=4000; level>=5000; abs_1w_return>=5pct; level_zscore_156w>=2.5
2026-02-03,4935.0,-0.029040273643467063,-1.4105649230431547,2.80503899433948,level>=4000; level_zscore_156w>=2.5
2026-02-10,5031.0,0.019452887537994012,0.30541334849115676,2.833930759434233,level>=4000; level>=5000; level_zscore_156w>=2.5
2026-02-17,4905.89990234375,-0.0248658512534784,-1.223706866613494,2.6067522498690123,level>=4000; level_zscore_156w>=2.5
2026-02-24,5176.2998046875,0.055117288922786445,1.4941456778901676,2.8410306215703676,level>=4000; level>=5000; abs_1w_return>=5pct; level_zscore_156w>=2.5
2026-03-03,5123.7001953125,-0.010161623429803535,-0.7316305400929921,2.6990583178318484,level>=4000; level>=5000; level_zscore_156w>=2.5
2026-03-10,5242.10009765625,0.02310828070152704,0.38821191508538094,2.7504545994886382,level>=4000; level>=5000; level_zscore_156w>=2.5
2026-03-17,5008.2001953125,-0.04461950324991448,-1.8212804472142385,2.4239456617710435,level>=4000; level>=5000
2026-03-24,4402.0,-0.12104152623129605,-3.6755513334810628,1.720758468712332,level>=4000; abs_1w_return>=5pct; abs_return_zscore_52w>=2.5
2026-03-31,4647.60009765625,0.05579284362931625,1.3448121399160688,1.9540088386381462,level>=4000; abs_1w_return>=5pct
2026-04-07,4684.7001953125,0.007982635527303605,-0.037122100482755195,1.95657931134758,level>=4000
2026-04-14,4850.10009765625,0.03530640071892943,0.8162355913495736,2.0916661816424753,level>=4000
2026-04-21,4719.60009765625,-0.02690666117655227,-1.0286158749687122,1.9158283276810386,level>=4000
2026-04-28,4608.39990234375,-0.023561359651577685,-0.9280927860333799,1.767263948863914,level>=4000
2026-05-05,4568.5,-0.008658081587810451,-0.4521886320532326,1.6969681262779983,level>=4000
2026-05-12,4686.7001953125,0.02587286753037099,0.5765528543896552,1.7895115021876318,level>=4000
2026-05-19,4511.2001953125,-0.03744638929017263,-1.363844217309313,1.5827940761678796,level>=4000
2026-05-26,4502.2998046875,-0.00197295403432729,-0.26232823214305734,1.5501687407607356,level>=4000
2026-06-02,4519.89990234375,0.003909134979844353,-0.06918569886296032,1.5449477250665493,level>=4000
2026-06-09,4286.39990234375,-0.05166043608154258,-1.718060732707587,1.2882504518435607,level>=4000; abs_1w_return>=5pct
2026-06-16,4354.39990234375,0.015864128767551167,0.31924711180825904,1.3395254389167872,level>=4000
2026-06-23,4149.39990234375,-0.04707881788479262,-1.5369550347089076,1.115800154136389,level>=4000
2026-06-30,4038.5,-0.026726732769504657,-0.9083137382205235,0.9898220309252672,level>=4000
2026-07-07,4157.39990234375,0.029441600184164862,0.7176853731872137,1.0973698506832492,level>=4000
2026-07-14,4069.699951171875,-0.021094903841806012,-0.7429668659968148,0.9948667956652744,level>=4000
2026-07-21,4076.39990234375,0.0016463010178295878,-0.06401791500963001,0.9890614006509441,level>=4000
2026-07-28,4038.699951171875,-0.009248344636206829,-0.4022988275764777,0.9383033454300196,level>=4000
2026-08-04,4152.60009765625,0.028202180865485094,0.7126086329130144,1.0420202668216585,level>=4000
2026-08-11,4441.10009765625,0.0694745444336986,1.8322830045425114,1.3211964618084542,level>=4000; abs_1w_return>=5pct
2026-08-18,4420.60009765625,-0.004615973418572228,-0.3028469067195777,1.283483785455888,level>=4000
2026-08-25,4694.5,0.06195989148373049,1.557100794006025,1.5425812761184683,level>=4000; abs_1w_return>=5pct
2026-09-01,4396.39990234375,-0.0634998610408457,-1.871502568297998,1.22160718512228,level>=4000; abs_1w_return>=5pct
2026-09-08,4439.0,0.009689768583958758,0.14989304943429277,1.2493501722980933,level>=4000
2026-09-15,4332.7998046875,-0.02392435127562509,-0.7544064290176785,1.126379246874258,level>=4000
2026-09-22,4376.39990234375,0.01006279994960324,0.18616882854614153,1.1568176623369038,level>=4000
2026-09-29,4179.7001953125,-0.04494555146249524,-1.2758187467352946,0.9428907048596786,level>=4000
