current_date,current_gold_close,current_mm_percentile,current_producer_percentile,current_oi_percentile,historical_date,similarity_score,historical_gold_close,historical_mm_percentile,historical_producer_percentile,historical_oi_percentile,future_return_1w,future_return_2w,future_return_4w,future_return_8w
2026-09-29,4179.7001953125,38.46153846153846,83.97435897435898,15.38461538461538,2021-07-06,98.93162393162393,1794.199951171875,37.82051282051282,82.05128205128204,14.743589743589741,0.00875045907337868,0.009586486294882235,0.011091308079160589,0.013320714003170142
2026-09-29,4179.7001953125,38.46153846153846,83.97435897435898,15.38461538461538,2023-03-14,98.2905982905983,1910.9000244140625,35.8974358974359,85.8974358974359,14.743589743589741,0.015804045625639196,0.03275941953328121,0.05657018902340738,0.0690773972021248
2026-09-29,4179.7001953125,38.46153846153846,83.97435897435898,15.38461538461538,2014-04-29,97.00854700854701,1296.0,39.1025641025641,82.6923076923077,8.33333333333333,0.009490778416763046,-0.0010802657515914804,-0.023611092273099876,0.019212981800974083
2026-09-29,4179.7001953125,38.46153846153846,83.97435897435898,15.38461538461538,2014-04-22,95.94017094017094,1280.5999755859375,38.46153846153846,83.33333333333334,3.84615384615384,0.012025632287722132,0.02163054331584946,0.010854306324426188,-0.006949886446772968
2026-09-29,4179.7001953125,38.46153846153846,83.97435897435898,15.38461538461538,2021-06-22,95.72649572649573,1777.4000244140625,35.8974358974359,87.82051282051282,8.974358974358971,-0.007764177246860515,0.009451967214499701,0.01912906466354336,0.0058512570446773715
2026-09-29,4179.7001953125,38.46153846153846,83.97435897435898,15.38461538461538,2021-05-04,95.72649572649573,1776.0,36.53846153846153,76.92307692307693,19.23076923076923,0.03384007634343322,0.05180180180180183,0.07263513513513509,-0.006981995728638779
2026-09-29,4179.7001953125,38.46153846153846,83.97435897435898,15.38461538461538,2014-02-18,95.51282051282051,1324.699951171875,32.69230769230769,78.2051282051282,17.3076923076923,0.013814485923349107,0.009889105562856937,0.02589269275490036,-0.018645694936445523
2026-09-29,4179.7001953125,38.46153846153846,83.97435897435898,15.38461538461538,2021-06-29,95.29914529914531,1763.5999755859375,35.256410256410255,88.46153846153845,8.974358974358971,0.017350859610763436,0.02625314667105405,0.020526238230503813,0.025459302016119123
2026-09-29,4179.7001953125,38.46153846153846,83.97435897435898,15.38461538461538,2018-12-24,95.08547008547009,1267.5,26.282051282051277,83.33333333333334,17.3076923076923,0.008520748582347082,0.012386549248027512,0.01183431952662728,0.057278087247288
2026-09-29,4179.7001953125,38.46153846153846,83.97435897435898,15.38461538461538,2014-04-15,94.44444444444444,1300.0,35.8974358974359,85.25641025641025,2.56410256410256,-0.014923095703125,-0.003076923076923088,-0.004153864933894247,-0.030923039362980798
2026-09-29,4179.7001953125,38.46153846153846,83.97435897435898,15.38461538461538,2013-10-29,94.44444444444444,1345.199951171875,33.33333333333333,87.82051282051282,7.69230769230769,-0.02765384516961078,-0.05508472961315902,-0.07716319545461392,-0.10414806770093099
2026-09-29,4179.7001953125,38.46153846153846,83.97435897435898,15.38461538461538,2021-04-13,93.58974358974359,1747.5999755859375,37.17948717948718,68.58974358974359,12.82051282051282,0.01762419847699892,0.017853097778698812,0.05064087962711694,0.08400094465491481
2026-09-29,4179.7001953125,38.46153846153846,83.97435897435898,15.38461538461538,2021-04-06,93.58974358974359,1743.0,39.1025641025641,67.94871794871796,12.82051282051282,0.002639113933412318,0.02030982467817699,0.018932874354561147,0.09294320137693624
2026-09-29,4179.7001953125,38.46153846153846,83.97435897435898,15.38461538461538,2019-04-09,93.58974358974359,1303.5,26.923076923076923,89.1025641025641,17.94871794871795,-0.02370542724515723,-0.026237016625911047,-0.015343306482547003,0.015266608679756377
2026-09-29,4179.7001953125,38.46153846153846,83.97435897435898,15.38461538461538,2021-03-30,93.37606837606837,1683.9000244140625,32.69230769230769,71.15384615384616,14.1025641025641,0.035097081019701326,0.03782882014865474,0.056357279552320394,0.12714530107595712
2026-09-29,4179.7001953125,38.46153846153846,83.97435897435898,15.38461538461538,2014-02-25,93.37606837606837,1343.0,48.07692307692308,74.35897435897436,14.743589743589741,-0.0038718921607409085,0.002606105733432562,-0.02352939358595496,-0.04646316039766385
2026-09-29,4179.7001953125,38.46153846153846,83.97435897435898,15.38461538461538,2021-04-27,93.37606837606837,1778.800048828125,35.256410256410255,73.07692307692307,21.15384615384615,-0.0015741223022619488,0.03221268562228885,0.0670114391161638,-0.0007870611511310299
2026-09-29,4179.7001953125,38.46153846153846,83.97435897435898,15.38461538461538,2013-11-05,93.37606837606837,1308.0,28.84615384615384,86.53846153846155,7.69230769230769,-0.02821102783949736,-0.026452580723193786,-0.06597863060254205,-0.08111618928588493
2026-09-29,4179.7001953125,38.46153846153846,83.97435897435898,15.38461538461538,2023-09-19,93.37606837606837,1953.699951171875,28.84615384615384,90.3846153846154,11.53846153846153,-0.017351642110353782,-0.057429469200004246,-0.009213287838392592,0.006551696344388569
2026-09-29,4179.7001953125,38.46153846153846,83.97435897435898,15.38461538461538,2021-04-20,92.94871794871794,1778.4000244140625,39.1025641025641,67.94871794871796,19.871794871794872,0.000224935002570259,-0.0013495413748958462,0.05038235175208028,0.043859648520697236
