rank,date,gold_close,similarity_score,distance,normalized_distance,mm_net_percentile_156w,producer_net_percentile_156w,oi_percentile_156w,gold_return_1w,gold_return_2w,gold_return_4w,gold_return_8w,diff_mm_net_percentile_156w_points,diff_producer_net_percentile_156w_points,diff_oi_percentile_156w_points,forward_return_1w,forward_return_2w,forward_return_4w,forward_return_8w,sample_split,gold_regime,gold_anomaly_2025_2026
1,2021-07-06,1794.199951171875,98.93162393162393,3.205128205128205,1.0683760683760681,0.3782051282051282,0.8205128205128205,0.1474358974358974,0.0173508596107634,0.0094519672144997,-0.0528927744673036,-0.0228201214373913,0.6410256410256387,1.9230769230769273,0.6410256410256387,0.00875045907337868,0.009586486294882235,0.011091308079160589,0.013320714003170142,test_2019_2026,bear,False
2,2023-03-14,1910.9000244140625,98.2905982905983,5.128205128205115,1.709401709401705,0.358974358974359,0.8589743589743589,0.1474358974358974,0.0499450683593749,0.0403985818123671,0.0243915510906524,0.0005235876156957,2.5641025641025603,1.9230769230769162,0.6410256410256387,0.015804045625639196,0.03275941953328121,0.05657018902340738,0.0690773972021248,test_2019_2026,bull,False
3,2014-04-29,1296.0,97.00854700854701,8.974358974358983,2.991452991452994,0.391025641025641,0.8269230769230769,0.0833333333333333,0.0120256322877221,-0.003076923076923,0.0128165244818427,-0.0312453635090989,0.6410256410256443,1.2820512820512886,7.05128205128205,0.009490778416763046,-0.0010802657515914804,-0.023611092273099876,0.019212981800974083,train_2009_2018,range,False
4,2014-04-22,1280.5999755859375,95.94017094017094,12.179487179487177,4.05982905982906,0.3846153846153846,0.8333333333333334,0.0384615384615384,-0.014923095703125,-0.0214716716087407,-0.0234863872614967,-0.0464631603976638,0.0,0.6410256410256387,11.538461538461538,0.012025632287722132,0.02163054331584946,0.010854306324426188,-0.006949886446772968,train_2009_2018,range,False
5,2021-06-22,1777.4000244140625,95.72649572649573,12.820512820512814,4.273504273504272,0.358974358974359,0.8782051282051282,0.0897435897435897,-0.0425554831722946,-0.0617609789337857,-0.0635405561569744,-0.000787061151131,2.5641025641025603,3.8461538461538436,6.41025641025641,-0.007764177246860515,0.009451967214499701,0.01912906466354336,0.0058512570446773715,test_2019_2026,bear,False
6,2021-05-04,1776.0,95.72649572649573,12.820512820512825,4.273504273504275,0.3653846153846153,0.7692307692307693,0.1923076923076923,-0.0015741223022619,-0.0013495413748958,0.0189328743545611,0.0344224909695058,1.9230769230769273,7.051282051282048,3.8461538461538494,0.03384007634343322,0.05180180180180183,0.07263513513513509,-0.006981995728638779,test_2019_2026,bear,False
7,2014-02-18,1324.699951171875,95.51282051282051,13.461538461538456,4.4871794871794854,0.3269230769230769,0.782051282051282,0.173076923076923,0.0268196079689273,0.0583206861449945,0.0663285028616706,0.0992448576955502,5.769230769230766,5.769230769230771,1.923076923076919,0.013814485923349107,0.009889105562856937,0.02589269275490036,-0.018645694936445523,train_2009_2018,range,False
8,2021-06-29,1763.5999755859375,95.29914529914531,14.102564102564092,4.7008547008546975,0.3525641025641026,0.8846153846153846,0.0897435897435897,-0.0077641772468605,-0.0499892521049797,-0.0742257346005577,-0.0069819957286387,3.205128205128199,4.487179487179482,6.41025641025641,0.017350859610763436,0.02625314667105405,0.020526238230503813,0.025459302016119123,test_2019_2026,bear,False
9,2018-12-24,1267.5,95.08547008547009,14.743589743589737,4.914529914529912,0.2628205128205128,0.8333333333333334,0.173076923076923,0.0146494152605094,0.0206135559084281,0.0464828691362255,0.036725032971266,12.17948717948718,0.6410256410256387,1.923076923076919,0.008520748582347082,0.012386549248027512,0.01183431952662728,0.057278087247288,train_2009_2018,range,False
10,2014-04-15,1300.0,94.44444444444444,16.666666666666657,5.555555555555553,0.358974358974359,0.8525641025641025,0.0256410256410256,-0.0066477813834138,0.0159425014092557,-0.0434142752023546,-0.0186456949364455,2.5641025641025603,1.2820512820512775,12.82051282051282,-0.014923095703125,-0.003076923076923088,-0.004153864933894247,-0.030923039362980798,train_2009_2018,range,False
11,2013-10-29,1345.199951171875,94.44444444444444,16.66666666666666,5.555555555555554,0.3333333333333333,0.8782051282051282,0.0769230769230769,0.0020111368133146,0.0567163795537117,0.0460341766499805,-0.0473088164505134,5.128205128205127,3.8461538461538436,7.69230769230769,-0.02765384516961078,-0.05508472961315902,-0.07716319545461392,-0.10414806770093099,train_2009_2018,bear,False
12,2021-04-13,1747.5999755859375,93.58974358974359,19.230769230769226,6.410256410256408,0.3717948717948718,0.6858974358974359,0.1282051282051282,0.0026391139334123,0.0378288201486547,0.0096481315710468,-0.0285714421423359,1.2820512820512775,15.384615384615385,2.5641025641025603,0.01762419847699892,0.017853097778698812,0.05064087962711694,0.08400094465491481,test_2019_2026,bear,False
13,2021-04-06,1743.0,93.58974358974359,19.230769230769234,6.4102564102564115,0.391025641025641,0.6794871794871795,0.1282051282051282,0.0350970810197013,0.0103762243738845,0.0152018027927076,-0.0514285714285713,0.6410256410256443,16.025641025641026,2.5641025641025603,0.002639113933412318,0.02030982467817699,0.018932874354561147,0.09294320137693624,test_2019_2026,bear,False
14,2019-04-09,1303.5,93.58974358974359,19.230769230769237,6.410256410256412,0.2692307692307692,0.8910256410256411,0.1794871794871795,0.0104651162790698,-0.0082173388319924,0.0055542319684271,-0.0043537667159038,11.538461538461537,5.128205128205132,2.5641025641025688,-0.02370542724515723,-0.026237016625911047,-0.015343306482547003,0.015266608679756377,test_2019_2026,bull,False
15,2021-03-30,1683.9000244140625,93.37606837606837,19.871794871794865,6.623931623931621,0.3269230769230769,0.7115384615384616,0.141025641025641,-0.0238826455016795,-0.0271535035744829,-0.0286686385970195,-0.0815424882781807,5.769230769230766,12.82051282051282,1.2820512820512802,0.035097081019701326,0.03782882014865474,0.056357279552320394,0.12714530107595712,test_2019_2026,bear,False
16,2014-02-25,1343.0,93.37606837606837,19.871794871794872,6.623931623931624,0.4807692307692308,0.7435897435897436,0.1474358974358974,0.0138144859233491,0.0410045929890328,0.0735411670663468,0.1173974313335461,9.61538461538462,9.615384615384615,0.6410256410256387,-0.0038718921607409085,0.002606105733432562,-0.02352939358595496,-0.04646316039766385,train_2009_2018,bear,False
17,2021-04-27,1778.800048828125,93.37606837606837,19.871794871794872,6.623931623931624,0.3525641025641026,0.7307692307692307,0.2115384615384615,0.0002249350025702,0.0178530977786988,0.0563572795523203,0.0260729544755042,3.205128205128199,10.897435897435903,5.769230769230771,-0.0015741223022619488,0.03221268562228885,0.0670114391161638,-0.0007870611511310299,test_2019_2026,bear,False
18,2013-11-05,1308.0,93.37606837606837,19.871794871794876,6.623931623931625,0.2884615384615384,0.8653846153846154,0.0769230769230769,-0.0276538451696107,-0.0256983240223463,-0.0122337651179782,-0.0411259999926619,9.61538461538462,2.564102564102566,7.69230769230769,-0.02821102783949736,-0.026452580723193786,-0.06597863060254205,-0.08111618928588493,train_2009_2018,bear,False
19,2023-09-19,1953.699951171875,93.37606837606837,19.871794871794894,6.623931623931631,0.2884615384615384,0.903846153846154,0.1153846153846153,0.0096118938662617,0.000563338932547,0.0143821137964044,-0.005092427686843,9.61538461538462,6.410256410256421,3.8461538461538507,-0.017351642110353782,-0.057429469200004246,-0.009213287838392592,0.006551696344388569,test_2019_2026,range,False
20,2021-04-20,1778.4000244140625,92.94871794871794,21.15384615384616,7.051282051282054,0.391025641025641,0.6794871794871795,0.1987179487179487,0.0176241984769989,0.0203098246781769,0.0308967883499164,-0.0152278640169588,0.6410256410256443,16.025641025641026,4.487179487179491,0.000224935002570259,-0.0013495413748958462,0.05038235175208028,0.043859648520697236,test_2019_2026,bear,False
