mm_feature,gold_horizon,lag_weeks,correlation,rank_correlation,sample_count,interpretation
mm_velocity_4w,1W,-8,-0.060549244999054855,-0.07261657170679467,837,weak_or_no_clear_historical_relationship
mm_velocity_4w,1W,-4,-0.03391362055545156,-0.059902704336037754,837,weak_or_no_clear_historical_relationship
mm_velocity_4w,1W,-2,0.2498484822688607,0.29623875192389465,837,gold_or_later_mm_alignment_2w_positive_historical_alignment
mm_velocity_4w,1W,0,0.20841119623780244,0.26614948137718764,837,same_week_positive_historical_alignment
mm_velocity_4w,1W,2,-0.032465979931004904,-0.016738806981085187,835,weak_or_no_clear_historical_relationship
mm_velocity_4w,1W,4,0.0062928373636767865,0.012129468653490722,833,weak_or_no_clear_historical_relationship
mm_velocity_4w,1W,8,-0.05446550822603716,-0.05156109112530646,829,weak_or_no_clear_historical_relationship
mm_velocity_4w,2W,-8,-0.06787671016495377,-0.08194852040621535,837,weak_or_no_clear_historical_relationship
mm_velocity_4w,2W,-4,-0.10554727862202852,-0.1263079613178059,837,gold_or_later_mm_alignment_4w_negative_historical_alignment
mm_velocity_4w,2W,-2,0.34333917148212406,0.3906192366665958,837,gold_or_later_mm_alignment_2w_positive_historical_alignment
mm_velocity_4w,2W,0,0.33744109586215415,0.4197319815951587,837,same_week_positive_historical_alignment
mm_velocity_4w,2W,2,-0.045334545114342095,-0.053388383983568384,835,weak_or_no_clear_historical_relationship
mm_velocity_4w,2W,4,-0.0013095858841226026,-0.01783128731448519,833,weak_or_no_clear_historical_relationship
mm_velocity_4w,2W,8,-0.047257237625701755,-0.04327360803552719,829,weak_or_no_clear_historical_relationship
mm_velocity_4w,4W,-8,-0.1042286861358545,-0.12642391504836203,837,gold_or_later_mm_alignment_8w_negative_historical_alignment
mm_velocity_4w,4W,-4,-0.17996636562107068,-0.2012682801721705,837,gold_or_later_mm_alignment_4w_negative_historical_alignment
mm_velocity_4w,4W,-2,0.16786906194844342,0.1844687810055185,837,gold_or_later_mm_alignment_2w_positive_historical_alignment
mm_velocity_4w,4W,0,0.4835729771171954,0.5664010303587275,837,same_week_positive_historical_alignment
mm_velocity_4w,4W,2,0.20710279253291947,0.2368760611467774,835,mm_feature_leads_gold_2w_positive_historical_alignment
mm_velocity_4w,4W,4,-0.03275441498042135,-0.04859341415725814,833,weak_or_no_clear_historical_relationship
mm_velocity_4w,4W,8,0.01125115984882691,0.03967354045164224,829,weak_or_no_clear_historical_relationship
mm_velocity_4w,8W,-8,-0.16758664476016555,-0.20425163934815824,837,gold_or_later_mm_alignment_8w_negative_historical_alignment
mm_velocity_4w,8W,-4,-0.20251852492999384,-0.22687516503974223,837,gold_or_later_mm_alignment_4w_negative_historical_alignment
mm_velocity_4w,8W,-2,0.009822069944422125,0.023414239993110444,837,weak_or_no_clear_historical_relationship
mm_velocity_4w,8W,0,0.21441396298020965,0.267102318970767,837,same_week_positive_historical_alignment
mm_velocity_4w,8W,2,0.2669539196334947,0.3056615319825618,835,mm_feature_leads_gold_2w_positive_historical_alignment
mm_velocity_4w,8W,4,0.32292647129751906,0.3491066688869292,833,mm_feature_leads_gold_4w_positive_historical_alignment
mm_velocity_4w,8W,8,-0.014004674688089015,0.01524621845620031,829,weak_or_no_clear_historical_relationship
mm_velocity_8w,1W,-8,-0.07371068362659279,-0.08884979142212464,833,weak_or_no_clear_historical_relationship
mm_velocity_8w,1W,-4,0.13403570979085583,0.15519672661430475,833,gold_or_later_mm_alignment_4w_positive_historical_alignment
mm_velocity_8w,1W,-2,0.1681319628382507,0.21171103450314538,833,gold_or_later_mm_alignment_2w_positive_historical_alignment
mm_velocity_8w,1W,0,0.1659846801420653,0.2093388440578191,833,same_week_positive_historical_alignment
mm_velocity_8w,1W,2,0.001211087163803958,0.01707060588135893,831,weak_or_no_clear_historical_relationship
mm_velocity_8w,1W,4,-0.03760928022270699,-0.039200362706377605,829,weak_or_no_clear_historical_relationship
mm_velocity_8w,1W,8,-0.05393094055755743,-0.07147707498114184,825,weak_or_no_clear_historical_relationship
mm_velocity_8w,2W,-8,-0.13205861990593756,-0.1427065383853372,833,gold_or_later_mm_alignment_8w_negative_historical_alignment
mm_velocity_8w,2W,-4,0.1777107123512882,0.2037328333085787,833,gold_or_later_mm_alignment_4w_positive_historical_alignment
mm_velocity_8w,2W,-2,0.23065903205999305,0.263014835431755,833,gold_or_later_mm_alignment_2w_positive_historical_alignment
mm_velocity_8w,2W,0,0.26072333554717003,0.302417873630716,833,same_week_positive_historical_alignment
mm_velocity_8w,2W,2,0.009941112122402626,0.015165861193172035,831,weak_or_no_clear_historical_relationship
mm_velocity_8w,2W,4,-0.03778276387981321,-0.04065328623362987,829,weak_or_no_clear_historical_relationship
mm_velocity_8w,2W,8,-0.07393260140430447,-0.08021701552542707,825,weak_or_no_clear_historical_relationship
mm_velocity_8w,4W,-8,-0.21612440489787887,-0.22008621427208047,833,gold_or_later_mm_alignment_8w_negative_historical_alignment
mm_velocity_8w,4W,-4,0.23171901388528335,0.23889564587072565,833,gold_or_later_mm_alignment_4w_positive_historical_alignment
mm_velocity_8w,4W,-2,0.2897813905980034,0.32450928550195235,833,gold_or_later_mm_alignment_2w_positive_historical_alignment
mm_velocity_8w,4W,0,0.35021217216457595,0.3929174830472805,833,same_week_positive_historical_alignment
mm_velocity_8w,4W,2,0.19252205935168734,0.2148977036772691,831,mm_feature_leads_gold_2w_positive_historical_alignment
mm_velocity_8w,4W,4,-0.018569679570041037,-0.007710842358566772,829,weak_or_no_clear_historical_relationship
mm_velocity_8w,4W,8,-0.07871934149486848,-0.06598184680951974,825,weak_or_no_clear_historical_relationship
mm_velocity_8w,8W,-8,-0.284061338008181,-0.3102076001734111,833,gold_or_later_mm_alignment_8w_negative_historical_alignment
mm_velocity_8w,8W,-4,0.01048729777656882,0.03265779906969557,833,weak_or_no_clear_historical_relationship
mm_velocity_8w,8W,-2,0.21395025560358785,0.24960475344192054,833,gold_or_later_mm_alignment_2w_positive_historical_alignment
mm_velocity_8w,8W,0,0.41564120283572875,0.46354784120064807,833,same_week_positive_historical_alignment
mm_velocity_8w,8W,2,0.34605263250502677,0.3920990609765471,831,mm_feature_leads_gold_2w_positive_historical_alignment
mm_velocity_8w,8W,4,0.23860311973083898,0.2723188881298029,829,mm_feature_leads_gold_4w_positive_historical_alignment
mm_velocity_8w,8W,8,-0.06771296695385053,-0.039152752741248936,825,weak_or_no_clear_historical_relationship
mm_velocity_12w,1W,-8,0.0762563336760668,0.08256329297806375,829,weak_or_no_clear_historical_relationship
mm_velocity_12w,1W,-4,0.12390705468886776,0.13545315751772205,829,gold_or_later_mm_alignment_4w_positive_historical_alignment
mm_velocity_12w,1W,-2,0.1703247095281857,0.1979133115034285,829,gold_or_later_mm_alignment_2w_positive_historical_alignment
mm_velocity_12w,1W,0,0.11213200030211386,0.15232863759754764,829,same_week_positive_historical_alignment
mm_velocity_12w,1W,2,-0.0424269719927074,-0.03154909747231169,827,weak_or_no_clear_historical_relationship
mm_velocity_12w,1W,4,-0.03987575097001839,-0.05249300352720955,825,weak_or_no_clear_historical_relationship
mm_velocity_12w,1W,8,-0.0297319789920052,-0.05188258920906448,821,weak_or_no_clear_historical_relationship
mm_velocity_12w,2W,-8,0.11251601241734782,0.12498871086869044,829,gold_or_later_mm_alignment_8w_positive_historical_alignment
mm_velocity_12w,2W,-4,0.16048631849002964,0.16028816837019413,829,gold_or_later_mm_alignment_4w_positive_historical_alignment
mm_velocity_12w,2W,-2,0.24270711142999377,0.259942532751458,829,gold_or_later_mm_alignment_2w_positive_historical_alignment
mm_velocity_12w,2W,0,0.19885036321745111,0.23820693392494693,829,same_week_positive_historical_alignment
mm_velocity_12w,2W,2,-0.06581788595816468,-0.06445985828516006,827,weak_or_no_clear_historical_relationship
mm_velocity_12w,2W,4,-0.06365723501779347,-0.07707924276554051,825,weak_or_no_clear_historical_relationship
mm_velocity_12w,2W,8,-0.039826468807948955,-0.058763121309259994,821,weak_or_no_clear_historical_relationship
mm_velocity_12w,4W,-8,0.1402015424556132,0.14652868589077073,829,gold_or_later_mm_alignment_8w_positive_historical_alignment
mm_velocity_12w,4W,-4,0.18653722590090896,0.18696923759515427,829,gold_or_later_mm_alignment_4w_positive_historical_alignment
mm_velocity_12w,4W,-2,0.28640357105768716,0.29819385862917225,829,gold_or_later_mm_alignment_2w_positive_historical_alignment
mm_velocity_12w,4W,0,0.31447780261124464,0.35294729715142725,829,same_week_positive_historical_alignment
mm_velocity_12w,4W,2,0.09561230061290954,0.12043945051881733,827,mm_feature_leads_gold_2w_positive_historical_alignment
mm_velocity_12w,4W,4,-0.09101465620082892,-0.08242441045320033,825,weak_or_no_clear_historical_relationship
mm_velocity_12w,4W,8,-0.04846097647640636,-0.0626547938732626,821,weak_or_no_clear_historical_relationship
mm_velocity_12w,8W,-8,-0.09925776054920282,-0.09139836630166596,829,weak_or_no_clear_historical_relationship
mm_velocity_12w,8W,-4,0.2320858114484652,0.25115398106004216,829,gold_or_later_mm_alignment_4w_positive_historical_alignment
mm_velocity_12w,8W,-2,0.31282372150467164,0.34800720213676506,829,gold_or_later_mm_alignment_2w_positive_historical_alignment
mm_velocity_12w,8W,0,0.35807364956046595,0.40476091380463325,829,same_week_positive_historical_alignment
mm_velocity_12w,8W,2,0.27438393662104144,0.3064452968038238,827,mm_feature_leads_gold_2w_positive_historical_alignment
mm_velocity_12w,8W,4,0.16157698228557116,0.19321588820641175,825,mm_feature_leads_gold_4w_positive_historical_alignment
mm_velocity_12w,8W,8,-0.09980480500309184,-0.08789056277468892,821,weak_or_no_clear_historical_relationship
mm_velocity_26w,1W,-8,0.03527297506007669,0.04391905839999586,815,weak_or_no_clear_historical_relationship
mm_velocity_26w,1W,-4,0.10618287832828396,0.10475005968270552,815,gold_or_later_mm_alignment_4w_positive_historical_alignment
mm_velocity_26w,1W,-2,0.15666175181421307,0.1586484672588648,815,gold_or_later_mm_alignment_2w_positive_historical_alignment
mm_velocity_26w,1W,0,0.13875607100314835,0.14456151948636065,815,same_week_positive_historical_alignment
mm_velocity_26w,1W,2,-0.0025549840427595305,-0.02049457428837944,813,weak_or_no_clear_historical_relationship
mm_velocity_26w,1W,4,0.003999730338326074,-0.021412386596581706,811,weak_or_no_clear_historical_relationship
mm_velocity_26w,1W,8,-0.022610627499054875,-0.02637480264827756,807,weak_or_no_clear_historical_relationship
mm_velocity_26w,2W,-8,0.055071177993299775,0.06658119855990034,815,weak_or_no_clear_historical_relationship
mm_velocity_26w,2W,-4,0.137290864765044,0.12547267262737286,815,gold_or_later_mm_alignment_4w_positive_historical_alignment
mm_velocity_26w,2W,-2,0.21009368961045238,0.20130030730362755,815,gold_or_later_mm_alignment_2w_positive_historical_alignment
mm_velocity_26w,2W,0,0.22477600958176525,0.22108114748452048,815,same_week_positive_historical_alignment
mm_velocity_26w,2W,2,-0.0035837691980122144,-0.03617674864752827,813,weak_or_no_clear_historical_relationship
mm_velocity_26w,2W,4,-0.005545205215194287,-0.04810233433496554,811,weak_or_no_clear_historical_relationship
mm_velocity_26w,2W,8,-0.020539624657003472,-0.028326046018343744,807,weak_or_no_clear_historical_relationship
mm_velocity_26w,4W,-8,0.057903967148028354,0.08104642870365195,815,weak_or_no_clear_historical_relationship
mm_velocity_26w,4W,-4,0.16152433670433686,0.15446461360091396,815,gold_or_later_mm_alignment_4w_positive_historical_alignment
mm_velocity_26w,4W,-2,0.24615120582201652,0.23155177532007515,815,gold_or_later_mm_alignment_2w_positive_historical_alignment
mm_velocity_26w,4W,0,0.3086288485606396,0.3030973775263361,815,same_week_positive_historical_alignment
mm_velocity_26w,4W,2,0.15903878126455465,0.13770166181955978,813,mm_feature_leads_gold_2w_positive_historical_alignment
mm_velocity_26w,4W,4,-0.004239338574516424,-0.04304723268151078,811,weak_or_no_clear_historical_relationship
mm_velocity_26w,4W,8,0.004651764240192258,-0.005117874231828518,807,weak_or_no_clear_historical_relationship
mm_velocity_26w,8W,-8,0.041629547968163615,0.054026001801341726,815,weak_or_no_clear_historical_relationship
mm_velocity_26w,8W,-4,0.15489155372690946,0.18326769098929727,815,gold_or_later_mm_alignment_4w_positive_historical_alignment
mm_velocity_26w,8W,-2,0.24803116018810564,0.26856469652980886,815,gold_or_later_mm_alignment_2w_positive_historical_alignment
mm_velocity_26w,8W,0,0.33553792727770393,0.34787467112773524,815,same_week_positive_historical_alignment
mm_velocity_26w,8W,2,0.29016719250277195,0.28186316100337017,813,mm_feature_leads_gold_2w_positive_historical_alignment
mm_velocity_26w,8W,4,0.22088228051979528,0.19939756976270384,811,mm_feature_leads_gold_4w_positive_historical_alignment
mm_velocity_26w,8W,8,0.0031617662404027688,-0.026756752645377763,807,weak_or_no_clear_historical_relationship
mm_acceleration_4w,1W,-8,-0.017354390267531626,-0.004208664406195445,833,weak_or_no_clear_historical_relationship
mm_acceleration_4w,1W,-4,-0.15790377619398252,-0.20580468598965174,833,gold_or_later_mm_alignment_4w_negative_historical_alignment
mm_acceleration_4w,1W,-2,0.18440786696142603,0.20051348217869974,833,gold_or_later_mm_alignment_2w_positive_historical_alignment
mm_acceleration_4w,1W,0,0.13070277691923543,0.17537325205811424,833,same_week_positive_historical_alignment
mm_acceleration_4w,1W,2,-0.04530841953216308,-0.03883084229758503,831,weak_or_no_clear_historical_relationship
mm_acceleration_4w,1W,4,0.03956798665380295,0.01665875823232601,829,weak_or_no_clear_historical_relationship
mm_acceleration_4w,1W,8,-0.02436058174134296,-0.006096855673891543,825,weak_or_no_clear_historical_relationship
mm_acceleration_4w,2W,-8,0.024051050526311037,0.03088880351290431,833,weak_or_no_clear_historical_relationship
mm_acceleration_4w,2W,-4,-0.28969481850061374,-0.35117532383211264,833,gold_or_later_mm_alignment_4w_negative_historical_alignment
mm_acceleration_4w,2W,-2,0.2533543867230875,0.28918504659007105,833,gold_or_later_mm_alignment_2w_positive_historical_alignment
mm_acceleration_4w,2W,0,0.21990663994491014,0.2894870824141892,833,same_week_positive_historical_alignment
mm_acceleration_4w,2W,2,-0.07193592937271537,-0.09255907227331381,831,weak_or_no_clear_historical_relationship
mm_acceleration_4w,2W,4,0.030014274315057442,-0.019035911960941076,829,weak_or_no_clear_historical_relationship
mm_acceleration_4w,2W,8,0.001593563397555679,0.030292026766799044,825,weak_or_no_clear_historical_relationship
mm_acceleration_4w,4W,-8,0.04860923274295281,0.048034932662054476,833,weak_or_no_clear_historical_relationship
mm_acceleration_4w,4W,-4,-0.434895077094442,-0.5069376138330193,833,gold_or_later_mm_alignment_4w_negative_historical_alignment
mm_acceleration_4w,4W,-2,-0.026781773294170634,-0.03564843802569915,833,weak_or_no_clear_historical_relationship
mm_acceleration_4w,4W,0,0.33581974339802195,0.39514898279168964,833,same_week_positive_historical_alignment
mm_acceleration_4w,4W,2,0.10432246631059428,0.12217398343500721,831,mm_feature_leads_gold_2w_positive_historical_alignment
mm_acceleration_4w,4W,4,-0.030248702714800832,-0.08676858759773542,829,weak_or_no_clear_historical_relationship
mm_acceleration_4w,4W,8,0.07965186392136919,0.10887108859921797,825,mm_feature_leads_gold_8w_positive_historical_alignment
mm_acceleration_4w,8W,-8,0.02307809509625181,0.0031783907504651177,833,weak_or_no_clear_historical_relationship
mm_acceleration_4w,8W,-4,-0.2741829935314793,-0.33235888420399484,833,gold_or_later_mm_alignment_4w_negative_historical_alignment
mm_acceleration_4w,8W,-2,-0.16993571917580527,-0.18872786199763403,833,gold_or_later_mm_alignment_2w_negative_historical_alignment
mm_acceleration_4w,8W,0,-0.07341426056531249,-0.06166090927705465,833,weak_or_no_clear_historical_relationship
mm_acceleration_4w,8W,2,0.05335918450396243,0.05462482474632513,831,weak_or_no_clear_historical_relationship
mm_acceleration_4w,8W,4,0.21825642384890917,0.19546970560651036,829,mm_feature_leads_gold_4w_positive_historical_alignment
mm_acceleration_4w,8W,8,0.03559727524401575,0.028538423805071524,825,weak_or_no_clear_historical_relationship
mm_acceleration_8w,1W,-8,-0.14416631122603607,-0.18051450789627882,825,gold_or_later_mm_alignment_8w_negative_historical_alignment
mm_acceleration_8w,1W,-4,0.11198613295361559,0.12336829431720502,825,gold_or_later_mm_alignment_4w_positive_historical_alignment
mm_acceleration_8w,1W,-2,0.12263332496783388,0.14184979070206763,825,gold_or_later_mm_alignment_2w_positive_historical_alignment
mm_acceleration_8w,1W,0,0.14192119980349635,0.16068157580317824,825,same_week_positive_historical_alignment
mm_acceleration_8w,1W,2,0.03628064069271847,0.033958956794987956,823,weak_or_no_clear_historical_relationship
mm_acceleration_8w,1W,4,-0.029596001139842093,-0.03807147312807599,821,weak_or_no_clear_historical_relationship
mm_acceleration_8w,1W,8,-0.0775194731978393,-0.09110252864822867,817,weak_or_no_clear_historical_relationship
mm_acceleration_8w,2W,-8,-0.23776154405207217,-0.2752390877846794,825,gold_or_later_mm_alignment_8w_negative_historical_alignment
mm_acceleration_8w,2W,-4,0.13937924728244602,0.15149333112305385,825,gold_or_later_mm_alignment_4w_positive_historical_alignment
mm_acceleration_8w,2W,-2,0.16933886369663337,0.17271800970163056,825,gold_or_later_mm_alignment_2w_positive_historical_alignment
mm_acceleration_8w,2W,0,0.21322609325891503,0.2237280749993548,825,same_week_positive_historical_alignment
mm_acceleration_8w,2W,2,0.0590941182721592,0.04864291703288576,823,weak_or_no_clear_historical_relationship
mm_acceleration_8w,2W,4,-0.01861737743331543,-0.031231170071343666,821,weak_or_no_clear_historical_relationship
mm_acceleration_8w,2W,8,-0.10818261575596279,-0.10391861161009666,817,mm_feature_leads_gold_8w_negative_historical_alignment
mm_acceleration_8w,4W,-8,-0.34509369363984904,-0.3807301969286898,825,gold_or_later_mm_alignment_8w_negative_historical_alignment
mm_acceleration_8w,4W,-4,0.16343042108032088,0.1517120710955128,825,gold_or_later_mm_alignment_4w_positive_historical_alignment
mm_acceleration_8w,4W,-2,0.2181848135523648,0.2251825488049062,825,gold_or_later_mm_alignment_2w_positive_historical_alignment
mm_acceleration_8w,4W,0,0.27194365927644926,0.26879198733665965,825,same_week_positive_historical_alignment
mm_acceleration_8w,4W,2,0.1925955059156365,0.18244994477383014,823,mm_feature_leads_gold_2w_positive_historical_alignment
mm_acceleration_8w,4W,4,0.029296690985904525,0.014687523876886372,821,weak_or_no_clear_historical_relationship
mm_acceleration_8w,4W,8,-0.12519678297730735,-0.10164330908514012,817,mm_feature_leads_gold_8w_negative_historical_alignment
mm_acceleration_8w,8W,-8,-0.42618087352266415,-0.4793554371338784,825,gold_or_later_mm_alignment_8w_negative_historical_alignment
mm_acceleration_8w,8W,-4,-0.12913127775180355,-0.14907538503406217,825,gold_or_later_mm_alignment_4w_negative_historical_alignment
mm_acceleration_8w,8W,-2,0.08074359033202794,0.0714776723588106,825,weak_or_no_clear_historical_relationship
mm_acceleration_8w,8W,0,0.31165315970448676,0.3052594447755327,825,same_week_positive_historical_alignment
mm_acceleration_8w,8W,2,0.2961194307807957,0.2901941434097441,823,mm_feature_leads_gold_2w_positive_historical_alignment
mm_acceleration_8w,8W,4,0.21697030726961927,0.20054430940319334,821,mm_feature_leads_gold_4w_positive_historical_alignment
mm_acceleration_8w,8W,8,-0.06757251693407366,-0.056789226695458536,817,weak_or_no_clear_historical_relationship
