window,historical_start_date,historical_end_date,similarity_score,current_path,historical_path,historical_gold_return_1w,historical_gold_return_2w,historical_gold_return_4w,historical_gold_return_8w
12W,2021-04-13,2021-07-06,92.40559526120788,"[43.5897, 45.5128, 48.7179, 42.9487, 54.4872, 61.5385, 62.1795, 65.3846, 58.3333, 55.1282, 52.5641, 46.7949, 38.4615]","[37.1795, 39.1026, 35.2564, 36.5385, 44.8718, 51.9231, 60.2564, 61.5385, 59.6154, 53.2051, 35.8974, 35.2564, 37.8205]",0.0173508596107634,0.0094519672144997,-0.0528927744673036,-0.0228201214373913
12W,2020-05-26,2020-08-18,92.00836121034484,"[43.5897, 45.5128, 48.7179, 42.9487, 54.4872, 61.5385, 62.1795, 65.3846, 58.3333, 55.1282, 52.5641, 46.7949, 38.4615]","[44.8718, 43.5897, 41.6667, 44.2308, 50.0, 53.2051, 53.2051, 50.641, 53.2051, 43.5897, 43.5897, 39.7436, 39.1026]",0.0343214946729477,-0.0039089680425842,0.0917619984443796,0.129685732652041
12W,2011-03-01,2011-05-24,91.92956407106931,"[43.5897, 45.5128, 48.7179, 42.9487, 54.4872, 61.5385, 62.1795, 65.3846, 58.3333, 55.1282, 52.5641, 46.7949, 38.4615]","[46.8354, 45.0, 35.8025, 40.2439, 50.6024, 69.0476, 62.3529, 81.3953, 63.2184, 52.2727, 40.4494, 27.7778, 35.1648]",0.0293282206458358,0.0043518236134665,0.0134397546053726,0.0757061802061265
12W,2020-05-19,2020-08-11,91.85272296393084,"[43.5897, 45.5128, 48.7179, 42.9487, 54.4872, 61.5385, 62.1795, 65.3846, 58.3333, 55.1282, 52.5641, 46.7949, 38.4615]","[48.0769, 44.8718, 43.5897, 41.6667, 44.2308, 50.0, 53.2051, 53.2051, 50.641, 53.2051, 43.5897, 43.5897, 39.7436]",-0.0369618758891019,0.0008742534523973,0.0732877592504746,0.1208177649456521
12W,2011-02-22,2011-05-17,89.53746012452751,"[43.5897, 45.5128, 48.7179, 42.9487, 54.4872, 61.5385, 62.1795, 65.3846, 58.3333, 55.1282, 52.5641, 46.7949, 38.4615]","[26.9231, 46.8354, 45.0, 35.8025, 40.2439, 50.6024, 69.0476, 62.3529, 81.3953, 63.2184, 52.2727, 40.4494, 27.7778]",-0.0242647549454132,-0.0391532547975472,-0.0098360329018902,0.0366375123139228
12W,2021-04-06,2021-06-29,89.21842524157529,"[43.5897, 45.5128, 48.7179, 42.9487, 54.4872, 61.5385, 62.1795, 65.3846, 58.3333, 55.1282, 52.5641, 46.7949, 38.4615]","[39.1026, 37.1795, 39.1026, 35.2564, 36.5385, 44.8718, 51.9231, 60.2564, 61.5385, 59.6154, 53.2051, 35.8974, 35.2564]",-0.0077641772468605,-0.0499892521049797,-0.0742257346005577,-0.0069819957286387
12W,2021-09-28,2021-12-21,88.62506360747975,"[43.5897, 45.5128, 48.7179, 42.9487, 54.4872, 61.5385, 62.1795, 65.3846, 58.3333, 55.1282, 52.5641, 46.7949, 38.4615]","[15.3846, 26.9231, 28.2051, 26.9231, 42.3077, 39.7436, 65.3846, 70.5128, 57.0513, 47.4359, 33.3333, 25.641, 28.8462]",0.009253457028675,0.0022412731044081,0.0027468899033662,-0.0026207612234884
12W,2021-04-20,2021-07-13,88.1411884153933,"[43.5897, 45.5128, 48.7179, 42.9487, 54.4872, 61.5385, 62.1795, 65.3846, 58.3333, 55.1282, 52.5641, 46.7949, 38.4615]","[39.1026, 35.2564, 36.5385, 44.8718, 51.9231, 60.2564, 61.5385, 59.6154, 53.2051, 35.8974, 35.2564, 37.8205, 44.2308]",0.0087504590733786,0.026253146671054,-0.0250484806014139,-0.0311027706562834
12W,2014-01-28,2014-04-22,87.1859413408935,"[43.5897, 45.5128, 48.7179, 42.9487, 54.4872, 61.5385, 62.1795, 65.3846, 58.3333, 55.1282, 52.5641, 46.7949, 38.4615]","[16.6667, 14.1026, 21.7949, 32.6923, 48.0769, 50.641, 53.8462, 64.1026, 55.1282, 46.1538, 42.3077, 35.8974, 38.4615]",-0.014923095703125,-0.0214716716087407,-0.0234863872614967,-0.0464631603976638
12W,2014-12-16,2015-03-10,86.83211226291147,"[43.5897, 45.5128, 48.7179, 42.9487, 54.4872, 61.5385, 62.1795, 65.3846, 58.3333, 55.1282, 52.5641, 46.7949, 38.4615]","[65.3846, 57.6923, 58.9744, 67.9487, 73.0769, 88.4615, 95.5128, 94.2308, 83.3333, 68.5897, 62.1795, 47.4359, 25.641]",-0.0364618142973941,-0.0307461342447046,-0.0580545643206785,-0.0601151019256904
12W,2014-12-09,2015-03-03,86.66451788848858,"[43.5897, 45.5128, 48.7179, 42.9487, 54.4872, 61.5385, 62.1795, 65.3846, 58.3333, 55.1282, 52.5641, 46.7949, 38.4615]","[62.1795, 65.3846, 57.6923, 58.9744, 67.9487, 73.0769, 88.4615, 95.5128, 94.2308, 83.3333, 68.5897, 62.1795, 47.4359]",0.0059319704579448,-0.0033937386547409,-0.0442168399864256,-0.0125482229274327
12W,2020-06-02,2020-08-25,86.55957972426327,"[43.5897, 45.5128, 48.7179, 42.9487, 54.4872, 61.5385, 62.1795, 65.3846, 58.3333, 55.1282, 52.5641, 46.7949, 38.4615]","[43.5897, 41.6667, 44.2308, 50.0, 53.2051, 53.2051, 50.641, 53.2051, 43.5897, 43.5897, 39.7436, 39.1026, 38.4615]",-0.0447071685914677,-0.0119200907671747,-0.0110562584952834,0.0680921830524505
12W,2020-11-10,2021-02-02,85.8404216302869,"[43.5897, 45.5128, 48.7179, 42.9487, 54.4872, 61.5385, 62.1795, 65.3846, 58.3333, 55.1282, 52.5641, 46.7949, 38.4615]","[37.1795, 41.0256, 40.3846, 41.0256, 48.0769, 50.0, 51.9231, 52.5641, 55.7692, 35.8974, 35.8974, 47.4359, 42.3077]",-0.009454859673223,-0.0036952108130869,-0.0619115833444978,-0.0221345135525129
12W,2012-08-21,2012-11-13,85.43994934043266,"[43.5897, 45.5128, 48.7179, 42.9487, 54.4872, 61.5385, 62.1795, 65.3846, 58.3333, 55.1282, 52.5641, 46.7949, 38.4615]","[8.9744, 17.9487, 21.7949, 27.5641, 32.6923, 42.9487, 44.8718, 47.4359, 43.5897, 33.9744, 27.5641, 18.5897, 24.359]",0.0058922908405532,0.0077736434438169,-0.0117498713668391,-0.0249943862429161
12W,2021-10-05,2021-12-28,85.4188726499141,"[43.5897, 45.5128, 48.7179, 42.9487, 54.4872, 61.5385, 62.1795, 65.3846, 58.3333, 55.1282, 52.5641, 46.7949, 38.4615]","[26.9231, 28.2051, 26.9231, 42.3077, 39.7436, 65.3846, 70.5128, 57.0513, 47.4359, 33.3333, 25.641, 28.8462, 36.5385]",0.0124112896786534,0.0217795940430405,0.0210306998993965,0.0120152004619762
12W,2014-02-04,2014-04-29,85.30110100660849,"[43.5897, 45.5128, 48.7179, 42.9487, 54.4872, 61.5385, 62.1795, 65.3846, 58.3333, 55.1282, 52.5641, 46.7949, 38.4615]","[14.1026, 21.7949, 32.6923, 48.0769, 50.641, 53.8462, 64.1026, 55.1282, 46.1538, 42.3077, 35.8974, 38.4615, 39.1026]",0.0120256322877221,-0.003076923076923,0.0128165244818427,-0.0312453635090989
12W,2011-06-14,2011-09-06,84.94467747441526,"[43.5897, 45.5128, 48.7179, 42.9487, 54.4872, 61.5385, 62.1795, 65.3846, 58.3333, 55.1282, 52.5641, 46.7949, 38.4615]","[44.6809, 70.5263, 23.9583, 19.5876, 62.2449, 79.798, 84.0, 100.0, 48.0392, 61.165, 50.9615, 40.0, 43.3962]",0.0236492442091946,0.0062422511333692,0.0746551864448634,0.1971957200753258
12W,2023-10-31,2024-01-23,84.54077079571438,"[43.5897, 45.5128, 48.7179, 42.9487, 54.4872, 61.5385, 62.1795, 65.3846, 58.3333, 55.1282, 52.5641, 46.7949, 38.4615]","[56.4103, 60.2564, 48.0769, 61.5385, 93.5897, 90.3846, 78.8462, 88.4615, 86.5385, 90.3846, 73.0769, 67.3077, 44.2308]",-0.002167226110517,-0.0035415401730816,-0.0212580920678361,-0.0069607603783701
12W,2011-03-08,2011-05-31,84.50453811609178,"[43.5897, 45.5128, 48.7179, 42.9487, 54.4872, 61.5385, 62.1795, 65.3846, 58.3333, 55.1282, 52.5641, 46.7949, 38.4615]","[45.0, 35.8025, 40.2439, 50.6024, 69.0476, 62.3529, 81.3953, 63.2184, 52.2727, 40.4494, 27.7778, 35.1648, 43.4783]",0.0083377584357304,0.0379105107006612,-0.0027270639818541,0.057928070503801
12W,2020-05-12,2020-08-04,84.4502637554853,"[43.5897, 45.5128, 48.7179, 42.9487, 54.4872, 61.5385, 62.1795, 65.3846, 58.3333, 55.1282, 52.5641, 46.7949, 38.4615]","[46.1538, 48.0769, 44.8718, 43.5897, 41.6667, 44.2308, 50.0, 53.2051, 53.2051, 50.641, 53.2051, 43.5897, 43.5897]",0.0392882985566438,0.0960464088296841,0.116636263184912,0.1737034504588712
26W,2014-09-09,2015-03-10,88.57649244924077,"[23.0769, 20.5128, 25.641, 24.359, 20.5128, 26.9231, 31.4103, 26.2821, 30.1282, 42.9487, 35.8974, 42.9487, 44.2308, 44.8718, 43.5897, 45.5128, 48.7179, 42.9487, 54.4872, 61.5385, 62.1795, 65.3846, 58.3333, 55.1282, 52.5641, 46.7949, 38.4615]","[30.1282, 13.4615, 7.0513, 8.9744, 7.0513, 17.3077, 34.6154, 33.3333, 14.1026, 9.6154, 23.7179, 31.4103, 42.9487, 62.1795, 65.3846, 57.6923, 58.9744, 67.9487, 73.0769, 88.4615, 95.5128, 94.2308, 83.3333, 68.5897, 62.1795, 47.4359, 25.641]",-0.0364618142973941,-0.0307461342447046,-0.0580545643206785,-0.0601151019256904
26W,2014-09-02,2015-03-03,87.23475501827349,"[23.0769, 20.5128, 25.641, 24.359, 20.5128, 26.9231, 31.4103, 26.2821, 30.1282, 42.9487, 35.8974, 42.9487, 44.2308, 44.8718, 43.5897, 45.5128, 48.7179, 42.9487, 54.4872, 61.5385, 62.1795, 65.3846, 58.3333, 55.1282, 52.5641, 46.7949, 38.4615]","[30.7692, 30.1282, 13.4615, 7.0513, 8.9744, 7.0513, 17.3077, 34.6154, 33.3333, 14.1026, 9.6154, 23.7179, 31.4103, 42.9487, 62.1795, 65.3846, 57.6923, 58.9744, 67.9487, 73.0769, 88.4615, 95.5128, 94.2308, 83.3333, 68.5897, 62.1795, 47.4359]",0.0059319704579448,-0.0033937386547409,-0.0442168399864256,-0.0125482229274327
26W,2014-09-16,2015-03-17,87.07650871711733,"[23.0769, 20.5128, 25.641, 24.359, 20.5128, 26.9231, 31.4103, 26.2821, 30.1282, 42.9487, 35.8974, 42.9487, 44.2308, 44.8718, 43.5897, 45.5128, 48.7179, 42.9487, 54.4872, 61.5385, 62.1795, 65.3846, 58.3333, 55.1282, 52.5641, 46.7949, 38.4615]","[13.4615, 7.0513, 8.9744, 7.0513, 17.3077, 34.6154, 33.3333, 14.1026, 9.6154, 23.7179, 31.4103, 42.9487, 62.1795, 65.3846, 57.6923, 58.9744, 67.9487, 73.0769, 88.4615, 95.5128, 94.2308, 83.3333, 68.5897, 62.1795, 47.4359, 25.641, 4.4872]",-0.0101714740161533,-0.0462624179168397,-0.0494991540156344,-0.1127336639223639
26W,2013-11-26,2014-05-27,85.82019915877235,"[23.0769, 20.5128, 25.641, 24.359, 20.5128, 26.9231, 31.4103, 26.2821, 30.1282, 42.9487, 35.8974, 42.9487, 44.2308, 44.8718, 43.5897, 45.5128, 48.7179, 42.9487, 54.4872, 61.5385, 62.1795, 65.3846, 58.3333, 55.1282, 52.5641, 46.7949, 38.4615]","[0.641, 0.641, 1.2821, 1.2821, 1.2821, 3.8462, 5.7692, 6.4103, 7.0513, 16.6667, 14.1026, 21.7949, 32.6923, 48.0769, 50.641, 53.8462, 64.1026, 55.1282, 46.1538, 42.3077, 35.8974, 38.4615, 39.1026, 48.0769, 44.8718, 43.5897, 26.9231]",-0.0224797030405079,-0.0225551921230796,-0.0236110922730998,-0.0110971799334184
26W,2010-11-23,2011-05-24,85.34175676772308,"[23.0769, 20.5128, 25.641, 24.359, 20.5128, 26.9231, 31.4103, 26.2821, 30.1282, 42.9487, 35.8974, 42.9487, 44.2308, 44.8718, 43.5897, 45.5128, 48.7179, 42.9487, 54.4872, 61.5385, 62.1795, 65.3846, 58.3333, 55.1282, 52.5641, 46.7949, 38.4615]","[18.4615, 25.7576, 31.3433, 17.6471, 13.0435, 18.5714, 9.8592, 1.3889, 1.3699, 2.7027, 1.3333, 6.5789, 15.5844, 26.9231, 46.8354, 45.0, 35.8025, 40.2439, 50.6024, 69.0476, 62.3529, 81.3953, 63.2184, 52.2727, 40.4494, 27.7778, 35.1648]",0.0293282206458358,0.0043518236134665,0.0134397546053726,0.0757061802061265
26W,2013-12-03,2014-06-03,85.32445079303388,"[23.0769, 20.5128, 25.641, 24.359, 20.5128, 26.9231, 31.4103, 26.2821, 30.1282, 42.9487, 35.8974, 42.9487, 44.2308, 44.8718, 43.5897, 45.5128, 48.7179, 42.9487, 54.4872, 61.5385, 62.1795, 65.3846, 58.3333, 55.1282, 52.5641, 46.7949, 38.4615]","[0.641, 1.2821, 1.2821, 1.2821, 3.8462, 5.7692, 6.4103, 7.0513, 16.6667, 14.1026, 21.7949, 32.6923, 48.0769, 50.641, 53.8462, 64.1026, 55.1282, 46.1538, 42.3077, 35.8974, 38.4615, 39.1026, 48.0769, 44.8718, 43.5897, 26.9231, 10.8974]",-0.0166745496908835,-0.0387794138060061,-0.0489184419562823,-0.0492090660552735
26W,2018-10-02,2019-04-02,85.0368705772061,"[23.0769, 20.5128, 25.641, 24.359, 20.5128, 26.9231, 31.4103, 26.2821, 30.1282, 42.9487, 35.8974, 42.9487, 44.2308, 44.8718, 43.5897, 45.5128, 48.7179, 42.9487, 54.4872, 61.5385, 62.1795, 65.3846, 58.3333, 55.1282, 52.5641, 46.7949, 38.4615]","[3.8462, 0.641, 7.0513, 8.3333, 7.0513, 8.3333, 5.1282, 8.3333, 7.6923, 16.0256, 17.3077, 19.8718, 26.2821, 27.5641, 22.4359, 20.5128, 17.9487, 21.7949, 26.9231, 26.2821, 41.6667, 40.3846, 21.7949, 19.2308, 22.4359, 35.2564, 21.1538]",-0.0184889659326968,-0.0114942528735632,0.0062402496099844,-0.0184142079371528
26W,2013-11-12,2014-05-13,84.97652480729808,"[23.0769, 20.5128, 25.641, 24.359, 20.5128, 26.9231, 31.4103, 26.2821, 30.1282, 42.9487, 35.8974, 42.9487, 44.2308, 44.8718, 43.5897, 45.5128, 48.7179, 42.9487, 54.4872, 61.5385, 62.1795, 65.3846, 58.3333, 55.1282, 52.5641, 46.7949, 38.4615]","[8.9744, 2.5641, 0.641, 0.641, 1.2821, 1.2821, 1.2821, 3.8462, 5.7692, 6.4103, 7.0513, 16.6667, 14.1026, 21.7949, 32.6923, 48.0769, 50.641, 53.8462, 64.1026, 55.1282, 46.1538, 42.3077, 35.8974, 38.4615, 39.1026, 48.0769, 44.8718]",-0.0104716599639806,-0.0010802657515914,-0.0041538649338942,-0.0473878031008554
26W,2010-11-30,2011-05-31,84.8356823643179,"[23.0769, 20.5128, 25.641, 24.359, 20.5128, 26.9231, 31.4103, 26.2821, 30.1282, 42.9487, 35.8974, 42.9487, 44.2308, 44.8718, 43.5897, 45.5128, 48.7179, 42.9487, 54.4872, 61.5385, 62.1795, 65.3846, 58.3333, 55.1282, 52.5641, 46.7949, 38.4615]","[25.7576, 31.3433, 17.6471, 13.0435, 18.5714, 9.8592, 1.3889, 1.3699, 2.7027, 1.3333, 6.5789, 15.5844, 26.9231, 46.8354, 45.0, 35.8025, 40.2439, 50.6024, 69.0476, 62.3529, 81.3953, 63.2184, 52.2727, 40.4494, 27.7778, 35.1648, 43.4783]",0.0083377584357304,0.0379105107006612,-0.0027270639818541,0.057928070503801
26W,2010-12-14,2011-06-14,84.72905250391399,"[23.0769, 20.5128, 25.641, 24.359, 20.5128, 26.9231, 31.4103, 26.2821, 30.1282, 42.9487, 35.8974, 42.9487, 44.2308, 44.8718, 43.5897, 45.5128, 48.7179, 42.9487, 54.4872, 61.5385, 62.1795, 65.3846, 58.3333, 55.1282, 52.5641, 46.7949, 38.4615]","[17.6471, 13.0435, 18.5714, 9.8592, 1.3889, 1.3699, 2.7027, 1.3333, 6.5789, 15.5844, 26.9231, 46.8354, 45.0, 35.8025, 40.2439, 50.6024, 69.0476, 62.3529, 81.3953, 63.2184, 52.2727, 40.4494, 27.7778, 35.1648, 43.4783, 58.0645, 44.6809]",-0.0126352617009291,-0.007878101044079,0.0297337468226495,0.0196052518087153
26W,2014-08-26,2015-02-24,84.53964369854147,"[23.0769, 20.5128, 25.641, 24.359, 20.5128, 26.9231, 31.4103, 26.2821, 30.1282, 42.9487, 35.8974, 42.9487, 44.2308, 44.8718, 43.5897, 45.5128, 48.7179, 42.9487, 54.4872, 61.5385, 62.1795, 65.3846, 58.3333, 55.1282, 52.5641, 46.7949, 38.4615]","[46.7949, 30.7692, 30.1282, 13.4615, 7.0513, 8.9744, 7.0513, 17.3077, 34.6154, 33.3333, 14.1026, 9.6154, 23.7179, 31.4103, 42.9487, 62.1795, 65.3846, 57.6923, 58.9744, 67.9487, 73.0769, 88.4615, 95.5128, 94.2308, 83.3333, 68.5897, 62.1795]",-0.0092707155022024,-0.02817469296828,-0.0733916004810611,-0.0027494808299154
26W,2013-11-19,2014-05-20,84.53384339554432,"[23.0769, 20.5128, 25.641, 24.359, 20.5128, 26.9231, 31.4103, 26.2821, 30.1282, 42.9487, 35.8974, 42.9487, 44.2308, 44.8718, 43.5897, 45.5128, 48.7179, 42.9487, 54.4872, 61.5385, 62.1795, 65.3846, 58.3333, 55.1282, 52.5641, 46.7949, 38.4615]","[2.5641, 0.641, 0.641, 1.2821, 1.2821, 1.2821, 3.8462, 5.7692, 6.4103, 7.0513, 16.6667, 14.1026, 21.7949, 32.6923, 48.0769, 50.641, 53.8462, 64.1026, 55.1282, 46.1538, 42.3077, 35.8974, 38.4615, 39.1026, 48.0769, 44.8718, 43.5897]",-7.722507942442558e-05,-0.0105480763686327,0.0108543063244261,-0.012887009378861
26W,2023-08-08,2024-02-06,84.48190182331194,"[23.0769, 20.5128, 25.641, 24.359, 20.5128, 26.9231, 31.4103, 26.2821, 30.1282, 42.9487, 35.8974, 42.9487, 44.2308, 44.8718, 43.5897, 45.5128, 48.7179, 42.9487, 54.4872, 61.5385, 62.1795, 65.3846, 58.3333, 55.1282, 52.5641, 46.7949, 38.4615]","[34.6154, 16.0256, 8.9744, 22.4359, 29.4872, 17.9487, 28.8462, 14.1026, 6.4103, 3.2051, 12.8205, 38.4615, 56.4103, 60.2564, 48.0769, 61.5385, 93.5897, 90.3846, 78.8462, 88.4615, 86.5385, 90.3846, 73.0769, 67.3077, 44.2308, 39.1026, 52.5641]",0.0097956693791534,0.0126369103063423,0.0090506160077472,0.0291992537615992
26W,2010-12-07,2011-06-07,84.23540302888685,"[23.0769, 20.5128, 25.641, 24.359, 20.5128, 26.9231, 31.4103, 26.2821, 30.1282, 42.9487, 35.8974, 42.9487, 44.2308, 44.8718, 43.5897, 45.5128, 48.7179, 42.9487, 54.4872, 61.5385, 62.1795, 65.3846, 58.3333, 55.1282, 52.5641, 46.7949, 38.4615]","[31.3433, 17.6471, 13.0435, 18.5714, 9.8592, 1.3889, 1.3699, 2.7027, 1.3333, 6.5789, 15.5844, 26.9231, 46.8354, 45.0, 35.8025, 40.2439, 50.6024, 69.0476, 62.3529, 81.3953, 63.2184, 52.2727, 40.4494, 27.7778, 35.1648, 43.4783, 58.0645]",0.0048180378256621,0.0131959678969173,0.01760521803508,0.0622204025707273
26W,2022-09-06,2023-03-07,84.10917932709225,"[23.0769, 20.5128, 25.641, 24.359, 20.5128, 26.9231, 31.4103, 26.2821, 30.1282, 42.9487, 35.8974, 42.9487, 44.2308, 44.8718, 43.5897, 45.5128, 48.7179, 42.9487, 54.4872, 61.5385, 62.1795, 65.3846, 58.3333, 55.1282, 52.5641, 46.7949, 38.4615]","[1.9231, 1.9231, 0.641, 0.641, 4.4872, 5.7692, 1.9231, 1.2821, 1.2821, 5.7692, 11.5385, 10.8974, 9.6154, 12.8205, 17.9487, 18.5897, 26.2821, 28.8462, 33.9744, 39.7436, 47.4359, 52.5641, 32.6923, 20.5128, 17.3077, 14.1026, 9.6154]",-0.0090923676244559,-0.0122116689280868,-0.0343803306183138,-0.030109245936584
26W,2013-11-05,2014-05-06,84.10365296592447,"[23.0769, 20.5128, 25.641, 24.359, 20.5128, 26.9231, 31.4103, 26.2821, 30.1282, 42.9487, 35.8974, 42.9487, 44.2308, 44.8718, 43.5897, 45.5128, 48.7179, 42.9487, 54.4872, 61.5385, 62.1795, 65.3846, 58.3333, 55.1282, 52.5641, 46.7949, 38.4615]","[28.8462, 8.9744, 2.5641, 0.641, 0.641, 1.2821, 1.2821, 1.2821, 3.8462, 5.7692, 6.4103, 7.0513, 16.6667, 14.1026, 21.7949, 32.6923, 48.0769, 50.641, 53.8462, 64.1026, 55.1282, 46.1538, 42.3077, 35.8974, 38.4615, 39.1026, 48.0769]",0.009490778416763,0.0216305433158494,-0.0003055722156877,-0.0283698114904381
26W,2013-12-10,2014-06-10,83.99652986145483,"[23.0769, 20.5128, 25.641, 24.359, 20.5128, 26.9231, 31.4103, 26.2821, 30.1282, 42.9487, 35.8974, 42.9487, 44.2308, 44.8718, 43.5897, 45.5128, 48.7179, 42.9487, 54.4872, 61.5385, 62.1795, 65.3846, 58.3333, 55.1282, 52.5641, 46.7949, 38.4615]","[1.2821, 1.2821, 1.2821, 3.8462, 5.7692, 6.4103, 7.0513, 16.6667, 14.1026, 21.7949, 32.6923, 48.0769, 50.641, 53.8462, 64.1026, 55.1282, 46.1538, 42.3077, 35.8974, 38.4615, 39.1026, 48.0769, 44.8718, 43.5897, 26.9231, 10.8974, 10.8974]",0.0124568025329563,-0.0044254587307523,-0.026880833781927,-0.0309230393629807
26W,2018-10-09,2019-04-09,83.99599719092036,"[23.0769, 20.5128, 25.641, 24.359, 20.5128, 26.9231, 31.4103, 26.2821, 30.1282, 42.9487, 35.8974, 42.9487, 44.2308, 44.8718, 43.5897, 45.5128, 48.7179, 42.9487, 54.4872, 61.5385, 62.1795, 65.3846, 58.3333, 55.1282, 52.5641, 46.7949, 38.4615]","[0.641, 7.0513, 8.3333, 7.0513, 8.3333, 5.1282, 8.3333, 7.6923, 16.0256, 17.3077, 19.8718, 26.2821, 27.5641, 22.4359, 20.5128, 17.9487, 21.7949, 26.9231, 26.2821, 41.6667, 40.3846, 21.7949, 19.2308, 22.4359, 35.2564, 21.1538, 26.9231]",0.0104651162790698,-0.0082173388319924,0.0055542319684271,-0.0043537667159038
26W,2023-08-15,2024-02-13,83.9937793709114,"[23.0769, 20.5128, 25.641, 24.359, 20.5128, 26.9231, 31.4103, 26.2821, 30.1282, 42.9487, 35.8974, 42.9487, 44.2308, 44.8718, 43.5897, 45.5128, 48.7179, 42.9487, 54.4872, 61.5385, 62.1795, 65.3846, 58.3333, 55.1282, 52.5641, 46.7949, 38.4615]","[16.0256, 8.9744, 22.4359, 29.4872, 17.9487, 28.8462, 14.1026, 6.4103, 3.2051, 12.8205, 38.4615, 56.4103, 60.2564, 48.0769, 61.5385, 93.5897, 90.3846, 78.8462, 88.4615, 86.5385, 90.3846, 73.0769, 67.3077, 44.2308, 39.1026, 52.5641, 20.5128]",-0.0215462383133469,-0.0119616287610755,-0.0113289333825093,-0.0218800956813249
26W,2022-08-30,2023-02-28,83.891406623692,"[23.0769, 20.5128, 25.641, 24.359, 20.5128, 26.9231, 31.4103, 26.2821, 30.1282, 42.9487, 35.8974, 42.9487, 44.2308, 44.8718, 43.5897, 45.5128, 48.7179, 42.9487, 54.4872, 61.5385, 62.1795, 65.3846, 58.3333, 55.1282, 52.5641, 46.7949, 38.4615]","[2.5641, 1.9231, 1.9231, 0.641, 0.641, 4.4872, 5.7692, 1.9231, 1.2821, 1.2821, 5.7692, 11.5385, 10.8974, 9.6154, 12.8205, 17.9487, 18.5897, 26.2821, 28.8462, 33.9744, 39.7436, 47.4359, 52.5641, 32.6923, 20.5128, 17.3077, 14.1026]",-0.0031479233802578,-0.0153854791822479,-0.0480953867987172,-0.0050918284699499
4W,2020-04-14,2020-05-12,97.1371816447607,"[58.3333, 55.1282, 52.5641, 46.7949, 38.4615]","[58.3333, 53.2051, 53.2051, 50.0, 46.1538]",0.0,-0.0035661944378471,-0.0297716902211579,0.1177126350096113
4W,2014-03-18,2014-04-15,96.04157011868583,"[58.3333, 55.1282, 52.5641, 46.7949, 38.4615]","[64.1026, 55.1282, 46.1538, 42.3077, 35.8974]",-0.0066477813834138,0.0159425014092557,-0.0434142752023546,-0.0186456949364455
4W,2021-05-25,2021-06-22,95.99180108188021,"[58.3333, 55.1282, 52.5641, 46.7949, 38.4615]","[60.2564, 61.5385, 59.6154, 53.2051, 35.8974]",-0.0425554831722946,-0.0617609789337857,-0.0635405561569744,-0.000787061151131
4W,2021-06-01,2021-06-29,95.37705882094,"[58.3333, 55.1282, 52.5641, 46.7949, 38.4615]","[61.5385, 59.6154, 53.2051, 35.8974, 35.2564]",-0.0077641772468605,-0.0499892521049797,-0.0742257346005577,-0.0069819957286387
4W,2016-11-29,2016-12-27,95.24894930228862,"[58.3333, 55.1282, 52.5641, 46.7949, 38.4615]","[66.0256, 54.4872, 46.1538, 37.8205, 30.7692]",0.005125982172448,-0.016771767236694,-0.0425961567017361,-0.1159048295679646
4W,2016-11-22,2016-12-20,95.08018276034714,"[58.3333, 55.1282, 52.5641, 46.7949, 38.4615]","[72.4359, 66.0256, 54.4872, 46.1538, 37.8205]",-0.0217860743802612,-0.0309181023816152,-0.0656482246077622,-0.1103860537141996
4W,2021-11-09,2021-12-07,94.92094711264858,"[58.3333, 55.1282, 52.5641, 46.7949, 38.4615]","[65.3846, 70.5128, 57.0513, 47.4359, 33.3333]",0.0062584436957213,0.0005044861078129,-0.0251803017406286,0.0144375044840525
4W,2020-07-07,2020-08-04,94.76230804420986,"[58.3333, 55.1282, 52.5641, 46.7949, 38.4615]","[53.2051, 50.641, 53.2051, 43.5897, 43.5897]",0.0392882985566438,0.0960464088296841,0.116636263184912,0.1737034504588712
4W,2022-03-08,2022-04-05,94.51293945984013,"[58.3333, 55.1282, 52.5641, 46.7949, 38.4615]","[69.8718, 62.8205, 59.6154, 55.7692, 49.359]",0.0080012808382035,0.0031225604996096,-0.0566730514661998,0.0544887435065626
4W,2025-04-08,2025-05-06,94.41780495472537,"[58.3333, 55.1282, 52.5641, 46.7949, 38.4615]","[65.3846, 63.4615, 62.8205, 55.7692, 52.5641]",0.0267578439401261,0.0009943693576304,0.1446726321718758,0.1718306560528304
4W,2020-04-07,2020-05-05,94.34657312609856,"[58.3333, 55.1282, 52.5641, 46.7949, 38.4615]","[57.0513, 58.3333, 53.2051, 53.2051, 50.0]",-0.0035661944378471,0.0156120092983509,0.023786625675445,0.0273039898105758
4W,2018-04-03,2018-05-01,94.04925222313045,"[58.3333, 55.1282, 52.5641, 46.7949, 38.4615]","[53.2051, 52.5641, 55.1282, 42.9487, 20.5128]",-0.0207300398676828,-0.0322148930498388,-0.0217587026842461,-0.0223454763822408
4W,2020-05-05,2020-06-02,93.81588915835613,"[58.3333, 55.1282, 52.5641, 46.7949, 38.4615]","[50.0, 46.1538, 48.0769, 44.8718, 43.5897]",0.0171280797369444,-0.0058479253855167,0.0173668007286689,0.0415665239922269
4W,2011-08-16,2011-09-13,93.78603218188272,"[58.3333, 55.1282, 52.5641, 46.7949, 38.4615]","[61.165, 50.9615, 40.0, 43.3962, 30.8411]",-0.0230493475711049,5.479698851784676e-05,0.0249102467492718,0.141108139777025
4W,2021-11-16,2021-12-14,93.77343235296635,"[58.3333, 55.1282, 52.5641, 46.7949, 38.4615]","[70.5128, 57.0513, 47.4359, 33.3333, 25.641]",-0.0069478919050834,-0.000732931199654,-0.0441184012916896,0.0010166895386189
4W,2020-07-14,2020-08-11,93.58215070696994,"[58.3333, 55.1282, 52.5641, 46.7949, 38.4615]","[50.641, 53.2051, 43.5897, 43.5897, 39.7436]",-0.0369618758891019,0.0008742534523973,0.0732877592504746,0.1208177649456521
4W,2020-05-12,2020-06-09,93.57164563844056,"[58.3333, 55.1282, 52.5641, 46.7949, 38.4615]","[46.1538, 48.0769, 44.8718, 43.5897, 41.6667]",-0.0069780712721669,0.0100304875036176,0.0102675426832479,-0.0198098296380083
4W,2012-10-02,2012-10-30,93.41442307823459,"[58.3333, 55.1282, 52.5641, 46.7949, 38.4615]","[44.8718, 47.4359, 43.5897, 33.9744, 27.5641]",0.0015219665817611,-0.0193729166640429,-0.0348620344446665,0.0106326420582514
4W,2020-06-30,2020-07-28,93.35014795538957,"[58.3333, 55.1282, 52.5641, 46.7949, 38.4615]","[53.2051, 53.2051, 50.641, 53.2051, 43.5897]",0.0546124788972082,0.0723502533393134,0.0800333105170436,0.1214532731176107
4W,2022-03-29,2022-04-26,93.18542616736349,"[58.3333, 55.1282, 52.5641, 46.7949, 38.4615]","[55.7692, 49.359, 60.2564, 47.4359, 26.2821]",-0.0280245147596032,-0.0364354035167937,-0.0042359459223778,-0.020423949091946
8W,2020-03-17,2020-05-12,94.75969800050153,"[54.4872, 61.5385, 62.1795, 65.3846, 58.3333, 55.1282, 52.5641, 46.7949, 38.4615]","[58.9744, 58.9744, 57.6923, 57.0513, 58.3333, 53.2051, 53.2051, 50.0, 46.1538]",0.0,-0.0035661944378471,-0.0297716902211579,0.1177126350096113
8W,2014-02-25,2014-04-22,93.13453602261741,"[54.4872, 61.5385, 62.1795, 65.3846, 58.3333, 55.1282, 52.5641, 46.7949, 38.4615]","[48.0769, 50.641, 53.8462, 64.1026, 55.1282, 46.1538, 42.3077, 35.8974, 38.4615]",-0.014923095703125,-0.0214716716087407,-0.0234863872614967,-0.0464631603976638
8W,2020-03-24,2020-05-19,92.75630652705213,"[54.4872, 61.5385, 62.1795, 65.3846, 58.3333, 55.1282, 52.5641, 46.7949, 38.4615]","[58.9744, 57.6923, 57.0513, 58.3333, 53.2051, 53.2051, 50.0, 46.1538, 48.0769]",0.0233512826729129,0.0233512826729129,0.0393278524134819,0.0505963151852326
8W,2011-03-29,2011-05-24,92.50292051269874,"[54.4872, 61.5385, 62.1795, 65.3846, 58.3333, 55.1282, 52.5641, 46.7949, 38.4615]","[50.6024, 69.0476, 62.3529, 81.3953, 63.2184, 52.2727, 40.4494, 27.7778, 35.1648]",0.0293282206458358,0.0043518236134665,0.0134397546053726,0.0757061802061265
8W,2020-06-16,2020-08-11,92.48121150470911,"[54.4872, 61.5385, 62.1795, 65.3846, 58.3333, 55.1282, 52.5641, 46.7949, 38.4615]","[44.2308, 50.0, 53.2051, 53.2051, 50.641, 53.2051, 43.5897, 43.5897, 39.7436]",-0.0369618758891019,0.0008742534523973,0.0732877592504746,0.1208177649456521
8W,2020-06-23,2020-08-18,92.33062566270593,"[54.4872, 61.5385, 62.1795, 65.3846, 58.3333, 55.1282, 52.5641, 46.7949, 38.4615]","[50.0, 53.2051, 53.2051, 50.641, 53.2051, 43.5897, 43.5897, 39.7436, 39.1026]",0.0343214946729477,-0.0039089680425842,0.0917619984443796,0.129685732652041
8W,2018-03-06,2018-05-01,91.6546730072823,"[54.4872, 61.5385, 62.1795, 65.3846, 58.3333, 55.1282, 52.5641, 46.7949, 38.4615]","[64.7436, 58.3333, 50.0, 67.9487, 53.2051, 52.5641, 55.1282, 42.9487, 20.5128]",-0.0207300398676828,-0.0322148930498388,-0.0217587026842461,-0.0223454763822408
8W,2021-05-11,2021-07-06,91.60289791761755,"[54.4872, 61.5385, 62.1795, 65.3846, 58.3333, 55.1282, 52.5641, 46.7949, 38.4615]","[44.8718, 51.9231, 60.2564, 61.5385, 59.6154, 53.2051, 35.8974, 35.2564, 37.8205]",0.0173508596107634,0.0094519672144997,-0.0528927744673036,-0.0228201214373913
8W,2017-05-16,2017-07-11,91.09472742582363,"[54.4872, 61.5385, 62.1795, 65.3846, 58.3333, 55.1282, 52.5641, 46.7949, 38.4615]","[44.8718, 65.3846, 69.2308, 83.3333, 76.9231, 58.3333, 46.7949, 21.1538, 16.6667]",-0.0035307075637787,-0.0263158281335436,-0.0412387985689479,-0.0173279549911437
8W,2020-03-31,2020-05-26,90.85718781979672,"[54.4872, 61.5385, 62.1795, 65.3846, 58.3333, 55.1282, 52.5641, 46.7949, 38.4615]","[57.6923, 57.0513, 58.3333, 53.2051, 53.2051, 50.0, 46.1538, 48.0769, 44.8718]",-0.022589097263349,0.0002347010140415,-0.0033323304132563,0.0766704702173959
8W,2016-10-18,2016-12-13,90.32185853333912,"[54.4872, 61.5385, 62.1795, 65.3846, 58.3333, 55.1282, 52.5641, 46.7949, 38.4615]","[78.8462, 79.4872, 84.6154, 85.8974, 77.5641, 72.4359, 66.0256, 54.4872, 46.1538]",-0.009335409936603,-0.0262648982245597,-0.0549837000229779,-0.0825666986236302
8W,2022-03-01,2022-04-26,90.22208470370477,"[54.4872, 61.5385, 62.1795, 65.3846, 58.3333, 55.1282, 52.5641, 46.7949, 38.4615]","[71.7949, 69.8718, 62.8205, 59.6154, 55.7692, 49.359, 60.2564, 47.4359, 26.2821]",-0.0280245147596032,-0.0364354035167937,-0.0042359459223778,-0.020423949091946
8W,2016-10-25,2016-12-20,89.93456342512351,"[54.4872, 61.5385, 62.1795, 65.3846, 58.3333, 55.1282, 52.5641, 46.7949, 38.4615]","[79.4872, 84.6154, 85.8974, 77.5641, 72.4359, 66.0256, 54.4872, 46.1538, 37.8205]",-0.0217860743802612,-0.0309181023816152,-0.0656482246077622,-0.1103860537141996
8W,2020-04-07,2020-06-02,89.82058019093986,"[54.4872, 61.5385, 62.1795, 65.3846, 58.3333, 55.1282, 52.5641, 46.7949, 38.4615]","[57.0513, 58.3333, 53.2051, 53.2051, 50.0, 46.1538, 48.0769, 44.8718, 43.5897]",0.0171280797369444,-0.0058479253855167,0.0173668007286689,0.0415665239922269
8W,2020-06-30,2020-08-25,89.6076553790221,"[54.4872, 61.5385, 62.1795, 65.3846, 58.3333, 55.1282, 52.5641, 46.7949, 38.4615]","[53.2051, 53.2051, 50.641, 53.2051, 43.5897, 43.5897, 39.7436, 39.1026, 38.4615]",-0.0447071685914677,-0.0119200907671747,-0.0110562584952834,0.0680921830524505
8W,2018-03-13,2018-05-08,89.36391976079713,"[54.4872, 61.5385, 62.1795, 65.3846, 58.3333, 55.1282, 52.5641, 46.7949, 38.4615]","[58.3333, 50.0, 67.9487, 53.2051, 52.5641, 55.1282, 42.9487, 20.5128, 23.0769]",0.0062892704899384,-0.0145711462057395,-0.022354694485842,-0.0104834634271955
8W,2014-03-04,2014-04-29,89.10975798080415,"[54.4872, 61.5385, 62.1795, 65.3846, 58.3333, 55.1282, 52.5641, 46.7949, 38.4615]","[50.641, 53.8462, 64.1026, 55.1282, 46.1538, 42.3077, 35.8974, 38.4615, 39.1026]",0.0120256322877221,-0.003076923076923,0.0128165244818427,-0.0312453635090989
8W,2022-03-08,2022-05-03,89.10840988335661,"[54.4872, 61.5385, 62.1795, 65.3846, 58.3333, 55.1282, 52.5641, 46.7949, 38.4615]","[69.8718, 62.8205, 59.6154, 55.7692, 49.359, 60.2564, 47.4359, 26.2821, 16.6667]",-0.0175936140063712,-0.0451250762705782,-0.0295201164275292,-0.0845201728161435
8W,2015-01-13,2015-03-10,89.10460079989643,"[54.4872, 61.5385, 62.1795, 65.3846, 58.3333, 55.1282, 52.5641, 46.7949, 38.4615]","[73.0769, 88.4615, 95.5128, 94.2308, 83.3333, 68.5897, 62.1795, 47.4359, 25.641]",-0.0364618142973941,-0.0307461342447046,-0.0580545643206785,-0.0601151019256904
8W,2021-10-26,2021-12-21,88.7852162464706,"[54.4872, 61.5385, 62.1795, 65.3846, 58.3333, 55.1282, 52.5641, 46.7949, 38.4615]","[42.3077, 39.7436, 65.3846, 70.5128, 57.0513, 47.4359, 33.3333, 25.641, 28.8462]",0.009253457028675,0.0022412731044081,0.0027468899033662,-0.0026207612234884
