feature_group,window,feature_name,bucket,count,avg_forward_return_1w,median_forward_return_1w,win_rate_1w,avg_forward_return_2w,median_forward_return_2w,win_rate_2w,avg_forward_return_4w,median_forward_return_4w,win_rate_4w,avg_forward_return_8w,median_forward_return_8w,win_rate_8w,best_return_8w,worst_return_8w
long,2W,mm_long_velocity_2w,<= -40,12,-0.011211998531927968,-0.01023217798629195,0.25,-0.03386664089007343,-0.0347974548910487,0.0,-0.03784571927192983,-0.03655211419080265,0.08333333333333333,-0.022237907023644015,-0.0169072762377269,0.16666666666666666,0.0718576845815901,-0.1127336639223639
long,2W,mm_long_velocity_2w,-40 to -20,68,-0.006815564572027861,-0.00854084226890705,0.35294117647058826,-0.01660718530472487,-0.01836510996910385,0.20588235294117646,-0.0059217091121292215,-0.0169495796272599,0.29411764705882354,0.02278036676569348,0.00058523915202875,0.5147058823529411,0.239586733816788,-0.0845201728161435
long,2W,mm_long_velocity_2w,-20 to 0,340,-0.005464823670587843,-0.0062809674768110006,0.39705882352941174,-0.010276083919794569,-0.010636215791732049,0.28823529411764703,-0.004894584528438689,-0.007992983451929801,0.4176470588235294,0.0023662746776016963,-0.0094910350794935,0.4441176470588235,0.2041793813607693,-0.1417529499061852
long,2W,mm_long_velocity_2w,0 to 20,385,0.007674321666390075,0.0077349026339363,0.6779220779220779,0.015869281559392098,0.0157240907872417,0.7766233766233767,0.016210746428273026,0.0184353884293313,0.6727272727272727,0.021936311332487794,0.0194983081824875,0.6207792207792208,0.2391145624670039,-0.1351957658134761
long,2W,mm_long_velocity_2w,20 to 40,47,0.016092712216318736,0.0166973118393871,0.9148936170212766,0.028765947923651163,0.027211364912423,0.9787234042553191,0.03667653655407968,0.0382193746944901,0.8723404255319149,0.030223236879639587,0.0314045705687573,0.7659574468085106,0.1343851961281903,-0.050246538037223
long,2W,mm_long_velocity_2w,>= 40,18,0.017196900310876156,0.013750054782913551,0.8888888888888888,0.03739900328322196,0.036954412093394,0.9444444444444444,0.044918906869898426,0.03981361366432515,0.9444444444444444,0.04066200329712624,0.036352220929205245,0.9444444444444444,0.1277635936010763,-0.0255491880204128
long,4W,mm_long_velocity_4w,<= -40,43,-0.00962545010057448,-0.0115569136583713,0.27906976744186046,-0.014816008713373689,-0.0133441280301924,0.27906976744186046,-0.028338653546511463,-0.0335544284042138,0.16279069767441862,0.0013599635357849037,-0.0112157245710784,0.3488372093023256,0.2078951875901724,-0.1127336639223639
long,4W,mm_long_velocity_4w,-40 to -20,79,-0.0012506149972075582,-0.005565212166819,0.4177215189873418,-0.008332600495217246,-0.013488391018653,0.31645569620253167,-0.013827843488099137,-0.022354694485842,0.25316455696202533,0.012602794689601796,-0.0069819957286387,0.43037974683544306,0.239586733816788,-0.0845201728161435
long,4W,mm_long_velocity_4w,-20 to 0,319,-0.002191490199354516,-0.0009239633610459,0.47962382445141066,-0.005163289098810381,-0.0052874937709819,0.4043887147335423,-0.00854973062959475,-0.0099437727133644,0.3605015673981191,0.003457869183123463,-0.0053002197764819,0.47335423197492166,0.2041793813607693,-0.1417529499061852
long,4W,mm_long_velocity_4w,0 to 20,309,0.004862856488435716,0.0049682662787169,0.6245954692556634,0.010770071436046481,0.0113472124675151,0.6601941747572816,0.01902097964412038,0.0211894799223655,0.7313915857605178,0.017393063554347655,0.0174857795735086,0.6019417475728155,0.1769629134180161,-0.1351957658134761
long,4W,mm_long_velocity_4w,20 to 40,69,0.009364282176145067,0.0129342131680669,0.7536231884057971,0.021495973105346823,0.0198072805139186,0.8985507246376812,0.040330735955289944,0.0406411629713909,0.927536231884058,0.04372403155656678,0.043797940340909,0.7391304347826086,0.1625829071198501,-0.0514285714285713
long,4W,mm_long_velocity_4w,>= 40,49,0.013186857416936882,0.0112984716447388,0.7755102040816326,0.026029656174454987,0.0265872240622571,0.8571428571428571,0.05464039650280186,0.053240044090332,0.9795918367346939,0.04487754535698634,0.0378672115864164,0.8775510204081632,0.1408568443760893,-0.0273007844686603
long,8W,mm_long_velocity_8w,<= -40,72,-0.0031010240337824863,-0.0038889335858233,0.4444444444444444,-0.008045247432722676,-0.0060075229591108,0.375,-0.014592385958141666,-0.012711403544494751,0.3472222222222222,-0.016477813492187465,-0.022475809178417003,0.2916666666666667,0.141108139777025,-0.1129758729379476
long,8W,mm_long_velocity_8w,-40 to -20,96,-0.0018874696959543396,-0.0005005942202351628,0.4895833333333333,-0.00178391395852671,-0.0058092846770222,0.4375,0.0005982094125080262,-0.008733436243197949,0.3958333333333333,0.007081770086171957,-0.01688706366885005,0.375,0.239586733816788,-0.1339078590837977
long,8W,mm_long_velocity_8w,-20 to 0,276,-0.002025597364746404,-0.00248095844034185,0.4673913043478261,-0.005129602709004043,-0.0042904311975241,0.41304347826086957,-0.008589388460666186,-0.00924000654239045,0.391304347826087,-0.008868682549553947,-0.01451733323266265,0.34782608695652173,0.2041793813607693,-0.1417529499061852
long,8W,mm_long_velocity_8w,0 to 20,259,0.004979847740236649,0.0053082530195949,0.6254826254826255,0.00946746692998777,0.0106639463461144,0.637065637065637,0.015746049926893286,0.0173660034652776,0.6602316602316602,0.022002147994847857,0.0219130050756077,0.6718146718146718,0.2078951875901724,-0.1366085933886819
long,8W,mm_long_velocity_8w,20 to 40,76,0.005502404292121725,0.0091980938485771,0.6842105263157895,0.012778609229140226,0.019542823760403602,0.7105263157894737,0.02535389141459893,0.0258434975736574,0.7894736842105263,0.04506883491249872,0.03971808644369115,0.881578947368421,0.2391145624670039,-0.1351957658134761
long,8W,mm_long_velocity_8w,>= 40,85,0.009365465502224975,0.0080012808382035,0.6705882352941176,0.02150747191900849,0.0175305657729203,0.8,0.04249567653061578,0.0438596482765984,0.8823529411764706,0.07684157851286293,0.0811126702583135,0.9764705882352941,0.1804098397837659,-0.0186216842293054
long,12W,mm_long_velocity_12w,<= -40,101,-0.000524745158741598,-0.0005028290399679,0.48514851485148514,-0.004061771913002146,-0.0052874937709819,0.42574257425742573,-0.011776719175468794,-0.0124641760428426,0.33663366336633666,-0.01043159536217884,-0.0155463234371385,0.3465346534653465,0.141108139777025,-0.1127336639223639
long,12W,mm_long_velocity_12w,-40 to -20,93,-0.0024646539799712203,-0.0033508860975887,0.43010752688172044,-0.004944394799408643,-0.0033937386547409,0.40860215053763443,-0.0065318384459059665,-0.0099592615610498,0.43010752688172044,0.001884613582092525,-0.0124588492531446,0.41935483870967744,0.239586733816788,-0.1339078590837977
long,12W,mm_long_velocity_12w,-20 to 0,225,-0.0022406072952777818,0.0001026517419282,0.5022222222222222,-0.0030268653080971993,-0.0022114406685823,0.4533333333333333,-0.003051626419777754,-0.0043301942319818,0.4622222222222222,-0.004011421471269325,-0.0110712921814085,0.36444444444444446,0.1971957200753258,-0.1417529499061852
long,12W,mm_long_velocity_12w,0 to 20,266,0.0041334190464296155,0.0054065296243128,0.6203007518796992,0.007586596420551361,0.00951922675469095,0.6052631578947368,0.011189459793982386,0.0116026700602701,0.5789473684210527,0.01613429130511869,0.01706253190978165,0.6015037593984962,0.2391145624670039,-0.1366085933886819
long,12W,mm_long_velocity_12w,20 to 40,73,0.007591328350751593,0.0045864548417275,0.5753424657534246,0.01425562329187694,0.0168031199370206,0.7123287671232876,0.02650570909145659,0.0272679548990315,0.726027397260274,0.04483028406411977,0.0415689613009659,0.8493150684931506,0.1769629134180161,-0.0417344035109218
long,12W,mm_long_velocity_12w,>= 40,102,0.006480969274866696,0.006652554011897649,0.6568627450980392,0.015628151550983457,0.0160628078850304,0.7156862745098039,0.0376380336170759,0.0376883990126467,0.8725490196078431,0.0675012916428505,0.07209427747373726,0.9509803921568627,0.1804098397837659,-0.045643465696193
long,26W,mm_long_velocity_26w,<= -40,106,-0.0023619712606086168,-0.0011962261243167,0.4716981132075472,-0.007055248918384919,-0.004350697226648751,0.41509433962264153,-0.012179610855965686,-0.01218822870347755,0.37735849056603776,-0.006454094351334699,-0.02459744937585645,0.37735849056603776,0.1801062479030166,-0.1339078590837977
long,26W,mm_long_velocity_26w,-40 to -20,126,0.001063132522004992,0.0012499049257326499,0.5317460317460317,0.004420971908114432,0.00390451059239835,0.5634920634920635,0.007269825449449354,0.0020533405676722,0.5317460317460317,0.018470001111446286,0.01512556668303505,0.6111111111111112,0.2041793813607693,-0.1244365456402778
long,26W,mm_long_velocity_26w,-20 to 0,226,-0.0019173485836049397,-0.00094006401042295,0.48672566371681414,-0.004492240506201851,-0.00461221550241765,0.42035398230088494,-0.005983797884934397,-0.0097564009940207,0.39823008849557523,-0.009463464412415943,-0.017684881816330947,0.35398230088495575,0.239586733816788,-0.1417529499061852
long,26W,mm_long_velocity_26w,0 to 20,190,0.003871177939761511,0.0052761840602747,0.5947368421052631,0.00654919243923046,0.00427369989106865,0.5842105263157895,0.010776549051072374,0.0100211854800682,0.6105263157894737,0.017628336508662613,0.01036112923709315,0.5684210526315789,0.2391145624670039,-0.1041480677009309
long,26W,mm_long_velocity_26w,20 to 40,74,0.0037063636595798337,0.0044129377362432005,0.5945945945945946,0.009222598399232042,0.01096070806211795,0.6216216216216216,0.016728243595696825,0.01223754803566185,0.6486486486486487,0.024518790119337358,0.019758095918243353,0.6891891891891891,0.1624365482233503,-0.0555093362665104
long,26W,mm_long_velocity_26w,>= 40,124,0.008055973281594006,0.00867569393607345,0.6693548387096774,0.017987821397508985,0.017499816011226348,0.7419354838709677,0.034965743850914825,0.03449457565763385,0.8145161290322581,0.05848978819635132,0.05870269765564625,0.8629032258064516,0.1804098397837659,-0.0474866814603835
short,2W,mm_short_velocity_2w,<= -40,21,0.008589126390632007,0.0110259984554195,0.6666666666666666,0.02644214546939478,0.0286361355559017,0.9523809523809523,0.03813816466769623,0.0294586450574381,0.9047619047619048,0.03604772761369689,0.0228038351904638,0.7142857142857143,0.2078951875901724,-0.0172053933773944
short,2W,mm_short_velocity_2w,-40 to -20,61,0.009668457915049188,0.0076750426436518,0.7540983606557377,0.02209294994705853,0.0208542566660674,0.8852459016393442,0.034038903847465656,0.0357383024570003,0.8360655737704918,0.033601573289187496,0.0227822008859581,0.7213114754098361,0.1971957200753258,-0.0607819294529317
short,2W,mm_short_velocity_2w,-20 to 0,326,0.007421859468140177,0.00688158500033735,0.6840490797546013,0.01125690044616002,0.01073960621483325,0.7239263803680982,0.013148172097960405,0.0126163240810278,0.6441717791411042,0.017288399990399193,0.0166497042277631,0.5920245398773006,0.1801062479030166,-0.1351957658134761
short,2W,mm_short_velocity_2w,0 to 20,386,-0.0027507749416382245,-0.00360438007708745,0.4533678756476684,-0.0036648979336231535,-0.00603306240389125,0.37305699481865284,-0.00018801461232397938,-0.00605590222322315,0.46113989637305697,0.00988518098507362,-0.0006654064014954501,0.49740932642487046,0.239586733816788,-0.1417529499061852
short,2W,mm_short_velocity_2w,20 to 40,58,-0.0064869007711638536,-0.01023217798629195,0.3103448275862069,-0.010322641565818047,-0.01679233793786155,0.27586206896551724,-0.009046698652595695,-0.01317446331203605,0.27586206896551724,0.00673763807637826,-0.00402485030319865,0.4827586206896552,0.1529107531785656,-0.1127336639223639
short,2W,mm_short_velocity_2w,>= 40,18,-0.010397850077393272,-0.01393073534875965,0.3333333333333333,-0.0252245858964895,-0.027661372117461648,0.2222222222222222,-0.01743362268980996,-0.0189477518982695,0.3333333333333333,0.001969554766698483,-0.0036206730025002496,0.4444444444444444,0.0890420811244283,-0.0721954831543872
short,4W,mm_short_velocity_4w,<= -40,43,0.009435725608846474,0.0112984716447388,0.7906976744186046,0.023020795149683578,0.0207014117463784,0.9069767441860465,0.04872888161639231,0.0510784987044954,0.9302325581395349,0.04646055217399638,0.0362647310881572,0.813953488372093,0.141108139777025,-0.0202390127896964
short,4W,mm_short_velocity_4w,-40 to -20,93,0.005577865081430721,0.0048180378256621,0.6129032258064516,0.013730984572887895,0.0158468757647642,0.7634408602150538,0.03298447680887807,0.0331336838562243,0.8494623655913979,0.04080562173709163,0.033231017009021,0.7526881720430108,0.2078951875901724,-0.0773794787176689
short,4W,mm_short_velocity_4w,-20 to 0,296,0.004757412015201508,0.0055142988948303,0.6317567567567568,0.006997286659325002,0.006178913746293851,0.6317567567567568,0.011333151375311464,0.01123116433653675,0.6418918918918919,0.011465620703878096,0.0082129413983209,0.5472972972972973,0.1718306560528304,-0.1351957658134761
short,4W,mm_short_velocity_4w,0 to 20,309,-0.0007575144177507787,-7.722507942442558e-05,0.49514563106796117,0.00016733338924200558,-0.00261042076656,0.4563106796116505,0.0003120880495629663,-0.0079216500669346,0.4401294498381877,0.011714783226849235,0.0039165683249116,0.5242718446601942,0.2391145624670039,-0.1417529499061852
short,4W,mm_short_velocity_4w,20 to 40,84,-0.0019494618443453042,-0.0066544457121717,0.40476190476190477,-0.006129112519536815,-0.01208664884458115,0.30952380952380953,-0.01251706830036217,-0.01784030560829815,0.32142857142857145,0.005201182722082464,-0.010716847940066151,0.44047619047619047,0.239586733816788,-0.1159048295679646
short,4W,mm_short_velocity_4w,>= 40,43,-0.008179279870482387,-0.0093038957346472,0.37209302325581395,-0.016994391610977,-0.0157725467314372,0.23255813953488372,-0.029375707423774704,-0.0335544284042138,0.18604651162790697,-0.011528921837397253,-0.0186216842293054,0.32558139534883723,0.0870611989780989,-0.1127336639223639
short,8W,mm_short_velocity_8w,<= -40,79,0.008027208144762085,0.0081029774485592,0.6835443037974683,0.0200948071062677,0.0184778837612655,0.8607594936708861,0.03955723406235776,0.0338386997134787,0.9113924050632911,0.07280049004829629,0.071455338649587,0.9746835443037974,0.1769629134180161,-0.0074261526713994
short,8W,mm_short_velocity_8w,-40 to -20,103,0.0024717677387806184,0.0049925094945393,0.6116504854368932,0.005565173846279369,0.008048956001162,0.6310679611650486,0.020135070622628776,0.0182192469803139,0.6504854368932039,0.04039284962853955,0.0378672115864164,0.8155339805825242,0.2078951875901724,-0.1162244456737915
short,8W,mm_short_velocity_8w,-20 to 0,246,0.0042795667934891765,0.00414627948534315,0.5934959349593496,0.005820227803021672,0.005407923829355,0.5813008130081301,0.006220541701115045,0.0067155811654383,0.5934959349593496,0.012675356687961277,0.01036112923709315,0.5934959349593496,0.1423287258562418,-0.1351957658134761
short,8W,mm_short_velocity_8w,0 to 20,261,-0.0004529952051399128,0.0008287750592663,0.5134099616858238,-0.0012257990236797791,-0.0022941471437397,0.47126436781609193,0.00034528391744992126,-0.0043301942319818,0.4674329501915709,0.0017628697219722812,-0.0124588492531446,0.41379310344827586,0.2391145624670039,-0.1417529499061852
short,8W,mm_short_velocity_8w,20 to 40,114,-0.0026240036108853217,-0.00358663664005325,0.4473684210526316,-4.188886998577078e-05,-0.00511759133463875,0.40350877192982454,-0.0008549347369008442,-0.010879290612492449,0.42105263157894735,0.002858536945313584,-0.01282954404925315,0.38596491228070173,0.239586733816788,-0.1111769317266797
short,8W,mm_short_velocity_8w,>= 40,61,0.0002679569369049294,0.0006167085096657,0.5081967213114754,-0.002994596462441897,-0.005254710161379,0.4098360655737705,-0.007680053816903889,-0.0061664536848434,0.36065573770491804,-0.018275561462737733,-0.0298160493956631,0.29508196721311475,0.0970976503803078,-0.1159048295679646
short,12W,mm_short_velocity_12w,<= -40,95,0.006100613207375044,0.0077349026339363,0.631578947368421,0.013394957831327272,0.0145472613612798,0.7368421052631579,0.03307339034501682,0.0318246116430678,0.8105263157894737,0.06244258209616432,0.0671188861121028,0.9157894736842105,0.1625829071198501,-0.045643465696193
short,12W,mm_short_velocity_12w,-40 to -20,122,0.005427090570406787,0.00561108515446625,0.6229508196721312,0.011634565540153186,0.00911566354694945,0.6721311475409836,0.02094240439983515,0.021972991742047553,0.7049180327868853,0.028944207120374214,0.0264713983121677,0.7131147540983607,0.1971957200753258,-0.1160118200722337
short,12W,mm_short_velocity_12w,-20 to 0,220,0.003959074463376355,0.00368543764860915,0.5681818181818182,0.007120799765434652,0.00685010398885985,0.5863636363636363,0.012118789699635401,0.0096144648532687,0.5909090909090909,0.018643766992309883,0.01332239347046235,0.5909090909090909,0.2078951875901724,-0.1244365456402778
short,12W,mm_short_velocity_12w,0 to 20,228,-0.0012059284754903246,0.0016588383698471001,0.543859649122807,-0.004245709156824342,-0.00318135799608245,0.4473684210526316,-0.006272485060060683,-0.00552396042269315,0.45614035087719296,-0.003611723019034758,-0.0112356000768056,0.40350877192982454,0.2391145624670039,-0.1417529499061852
short,12W,mm_short_velocity_12w,20 to 40,98,-0.002580389314461394,-0.0009162878772844,0.47959183673469385,-0.0002575767045135941,-0.00186064245247605,0.46938775510204084,5.1840719253498874e-05,-0.00822693635194345,0.41836734693877553,0.005587995380275901,-0.007581203759568,0.41836734693877553,0.239586733816788,-0.1127336639223639
short,12W,mm_short_velocity_12w,>= 40,97,-0.0005820954806208587,-0.0039403593367631,0.4536082474226804,-0.001686551556476486,-0.0072258688220784,0.41237113402061853,-0.006919237207149417,-0.0133201989116717,0.3711340206185567,-0.006396349826026215,-0.0198098296380083,0.3917525773195876,0.1737034504588712,-0.1159048295679646
short,26W,mm_short_velocity_26w,<= -40,129,0.005009314538904485,0.0056875209100033,0.6124031007751938,0.011324815036188447,0.0103003910822279,0.6589147286821705,0.026157502312236798,0.0218626291806431,0.7209302325581395,0.04735178963827543,0.0505347391456221,0.7751937984496124,0.1804098397837659,-0.0555093362665104
short,26W,mm_short_velocity_26w,-40 to -20,135,0.005432560214095257,0.0071264741977969,0.6148148148148148,0.009826235890436602,0.0090444357058592,0.6518518518518519,0.020129486095913342,0.017882134095126,0.6444444444444445,0.03440082962441076,0.0273039898105758,0.6888888888888889,0.2391145624670039,-0.1339078590837977
short,26W,mm_short_velocity_26w,-20 to 0,182,0.00212991781455504,0.0032729359469635,0.5879120879120879,0.004546139780832199,0.0045123689530659,0.5769230769230769,0.007080748838973958,0.00742838532785035,0.5714285714285714,0.011162921084098384,0.00423920075982415,0.521978021978022,0.1801062479030166,-0.1160118200722337
short,26W,mm_short_velocity_26w,0 to 20,172,-0.0001756077942657434,0.00013901721005524052,0.5058139534883721,-0.0001394233284052974,-0.0008835517251913501,0.4941860465116279,0.0013310842599675492,-0.00069961410813065,0.4941860465116279,0.004982982383243548,0.00093427608836635,0.5058139534883721,0.239586733816788,-0.1417529499061852
short,26W,mm_short_velocity_26w,20 to 40,111,-0.00035403464371618683,0.0006446288323769,0.5225225225225225,0.0008482927763027515,-0.0028053006716687,0.45045045045045046,0.000509111785037447,-0.0033323304132563,0.46846846846846846,0.008043732772872556,0.00731863487952,0.5135135135135135,0.1718306560528304,-0.1351957658134761
short,26W,mm_short_velocity_26w,>= 40,117,-0.0020405084621341863,-0.0014684888875875,0.452991452991453,-0.0062715529206199515,-0.0068922543222214,0.39316239316239315,-0.015146539261297826,-0.015475592563265,0.3504273504273504,-0.02233521781390135,-0.026694817010018,0.26495726495726496,0.1103411065952582,-0.1366085933886819
net,2W,mm_net_velocity_2w,<= -40,7,-0.007353238026636758,-0.0101714740161533,0.42857142857142855,-0.032342878794440776,-0.0408364763902069,0.0,-0.030415157273623043,-0.0335544284042138,0.2857142857142857,-0.020434533905416528,-0.013239115895728,0.14285714285714285,0.0718576845815901,-0.1127336639223639
net,2W,mm_net_velocity_2w,-40 to -20,66,-0.008926980238130867,-0.01057807271103205,0.2878787878787879,-0.016832469860371194,-0.01966802941013775,0.21212121212121213,-0.0078508635056883,-0.0185868759684488,0.24242424242424243,0.01920854488239561,-0.0006654064014954501,0.48484848484848486,0.239586733816788,-0.0845201728161435
net,2W,mm_net_velocity_2w,-20 to 0,331,-0.005204493296371123,-0.0062745098039215,0.3957703927492447,-0.0102966834426755,-0.0105480763686327,0.2809667673716012,-0.005376171092479163,-0.0081289540174669,0.4169184290030212,0.00534313209210681,-0.0043537667159038,0.48036253776435045,0.2041793813607693,-0.1417529499061852
net,2W,mm_net_velocity_2w,0 to 20,370,0.007689244084080864,0.007180091602060601,0.6891891891891891,0.015083863285227102,0.014359226869996449,0.7756756756756756,0.01509774300880686,0.01677661152535155,0.6567567567567567,0.018171943443659515,0.01584759462846035,0.5837837837837838,0.2391145624670039,-0.1351957658134761
net,2W,mm_net_velocity_2w,20 to 40,50,0.012565455013674353,0.01327056122046695,0.78,0.027638547545119106,0.02741932287713585,0.92,0.04021893770725627,0.03583638734973255,0.9,0.034099999706559705,0.03238882880854095,0.8,0.1343851961281903,-0.045643465696193
net,2W,mm_net_velocity_2w,>= 40,15,0.021287545912082713,0.0158040456256391,1.0,0.044806252664774934,0.0434925318333445,1.0,0.05264261260797408,0.0449133344899894,1.0,0.04734430561119911,0.0377369049268307,0.9333333333333333,0.1277635936010763,-0.016841817380213
net,4W,mm_net_velocity_4w,<= -40,33,-0.010700464361063849,-0.0110576268350474,0.24242424242424243,-0.01727934339700625,-0.0133441280301924,0.18181818181818182,-0.028531006967072472,-0.0412387985689479,0.18181818181818182,0.0011639530879601783,-0.0169323099574871,0.3333333333333333,0.2078951875901724,-0.1127336639223639
net,4W,mm_net_velocity_4w,-40 to -20,76,-0.0027278683872600665,-0.0080603616039316,0.39473684210526316,-0.009991329508259972,-0.01339140756691315,0.32894736842105265,-0.0184122997228999,-0.0247482055815605,0.23684210526315788,0.0026188504330391556,-0.010499513384507251,0.3684210526315789,0.239586733816788,-0.1159048295679646
net,4W,mm_net_velocity_4w,-20 to 0,301,-0.0021554844671390653,-0.0021689622090371,0.46511627906976744,-0.00519182025145982,-0.007180998290119,0.37209302325581395,-0.00822346584183145,-0.011567501949674,0.34219269102990035,0.004931519877649945,-0.0016340951099776,0.4883720930232558,0.2041793813607693,-0.1417529499061852
net,4W,mm_net_velocity_4w,0 to 20,316,0.004787907609953277,0.004969253054314,0.6360759493670886,0.010614560218619996,0.0105784446867578,0.6835443037974683,0.01680835417817075,0.0176994061705649,0.7025316455696202,0.01458458708555184,0.015279243691807151,0.569620253164557,0.1511593731129226,-0.1351957658134761
net,4W,mm_net_velocity_4w,20 to 40,74,0.008953415574133882,0.0106369885432394,0.7162162162162162,0.01888838925625863,0.01938025789872905,0.8243243243243243,0.03999228935030146,0.0394683527702187,0.972972972972973,0.051023160299918,0.0473600690241177,0.8243243243243243,0.1625829071198501,-0.0417344035109218
net,4W,mm_net_velocity_4w,>= 40,37,0.012051245017175928,0.0127266365175848,0.7567567567567568,0.02681124295970424,0.0265872240622571,0.8918918918918919,0.06311380811170812,0.0590814828749888,0.972972972972973,0.04929492959065024,0.0426836275437092,0.8918918918918919,0.1408568443760893,-0.045643465696193
net,8W,mm_net_velocity_8w,<= -40,60,-0.004303017144038729,-0.00605431558006435,0.4166666666666667,-0.0072722807083527114,-0.0073733058968908,0.4166666666666667,-0.016090298819088012,-0.0131219735816102,0.3,-0.026804576884553684,-0.0391861197519908,0.21666666666666667,0.141108139777025,-0.1159048295679646
net,8W,mm_net_velocity_8w,-40 to -20,106,-0.0029571108352045247,-0.0051489072808587,0.39622641509433965,-0.004818647446200656,-0.007888370785056449,0.3867924528301887,-0.0016838303673469268,-0.010460500741446499,0.39622641509433965,0.004511178275459439,-0.014047273182285599,0.41509433962264153,0.239586733816788,-0.1339078590837977
net,8W,mm_net_velocity_8w,-20 to 0,256,-0.0017727468738976354,-0.00093202994981925,0.46875,-0.003830326029411074,-0.0036718997418862,0.42578125,-0.0071875884095812526,-0.010021031006994849,0.390625,-0.0078102222358181084,-0.018493879600077152,0.328125,0.2041793813607693,-0.1417529499061852
net,8W,mm_net_velocity_8w,0 to 20,263,0.005147896295453968,0.0053082530195949,0.6501901140684411,0.00830171848192928,0.0092765059953192,0.6197718631178707,0.011930393589797925,0.0140491020654505,0.6539923954372624,0.020007858989785954,0.0182505303125604,0.6730038022813688,0.1737034504588712,-0.1351957658134761
net,8W,mm_net_velocity_8w,20 to 40,74,0.005134894399439419,0.0045781685554095505,0.6486486486486487,0.013407009389822783,0.01886991035683345,0.6891891891891891,0.031171911761051392,0.03141950054587925,0.7567567567567568,0.050961704348138875,0.04559124819995415,0.8918918918918919,0.2391145624670039,-0.0996007312140079
net,8W,mm_net_velocity_8w,>= 40,74,0.008715787417189012,0.0093311244921856,0.6756756756756757,0.020008196900619564,0.0180375835575892,0.8108108108108109,0.042230400711727276,0.0429660401492796,0.8783783783783784,0.07579522611976945,0.07442756962608829,0.972972972972973,0.1804098397837659,-0.0055338032016108
net,12W,mm_net_velocity_12w,<= -40,88,-0.0015729679285691807,-0.00343405827639625,0.45454545454545453,-0.006696392460313819,-0.00758059883579505,0.36363636363636365,-0.015166076336506434,-0.014697089188629501,0.29545454545454547,-0.02072892821850658,-0.02535323440234485,0.3181818181818182,0.1414092947307055,-0.1159048295679646
net,12W,mm_net_velocity_12w,-40 to -20,108,-0.0016181146070628932,-0.00062963650619875,0.48148148148148145,-0.0015385574267754052,-0.0003293011060420266,0.5,-0.004346572070227754,-0.0099515171372071,0.4351851851851852,0.006622360505325157,-0.0111564522522484,0.42592592592592593,0.239586733816788,-0.1339078590837977
net,12W,mm_net_velocity_12w,-20 to 0,224,-0.003038620869846676,-0.0015609591438179,0.47767857142857145,-0.004218252268349781,-0.0036718997418862,0.42857142857142855,-0.0037648250429757027,-0.005625227787245,0.4419642857142857,-0.003491344057026716,-0.015103794077263099,0.36160714285714285,0.2078951875901724,-0.1417529499061852
net,12W,mm_net_velocity_12w,0 to 20,228,0.005922722775759757,0.0058133203696316,0.6359649122807017,0.008883605957958342,0.00951922675469095,0.6228070175438597,0.012501389071311396,0.0162984961063381,0.6140350877192983,0.01626579300722461,0.01134078908766285,0.6096491228070176,0.2391145624670039,-0.1284981372174517
net,12W,mm_net_velocity_12w,20 to 40,99,0.005516796650515301,0.0048180378256621,0.6161616161616161,0.014040368138625279,0.0131959678969173,0.6868686868686869,0.025445311009663966,0.028311629525533,0.7474747474747475,0.04007285660090703,0.037246963562753,0.8181818181818182,0.1769629134180161,-0.1160118200722337
net,12W,mm_net_velocity_12w,>= 40,82,0.00491778211729577,0.006652554011897649,0.5853658536585366,0.011612449960959951,0.0160092967682273,0.6707317073170732,0.033286443739121166,0.0324776726421038,0.7682926829268293,0.06564477992291996,0.06597840404736185,0.9390243902439024,0.1804098397837659,-0.045643465696193
net,26W,mm_net_velocity_26w,<= -40,111,-0.0020108588724657957,-0.0014684888875875,0.4594594594594595,-0.006136559225677506,-0.0076238881829733,0.4144144144144144,-0.011094747269354667,-0.0139715813121408,0.36036036036036034,-0.010464044337927653,-0.0267022494846798,0.34234234234234234,0.1649591078015495,-0.1339078590837977
net,26W,mm_net_velocity_26w,-40 to -20,115,-0.0024107668178265664,-0.002167226110517,0.4608695652173913,-0.0018142327721387542,-0.0028414189978711,0.46956521739130436,6.326170313602388e-05,-0.0072192085099677,0.46956521739130436,0.00602359089596926,0.0049646264361571,0.5304347826086957,0.196941479072604,-0.1366085933886819
net,26W,mm_net_velocity_26w,-20 to 0,203,0.00010632796274490302,0.0001026517419282,0.5073891625615764,-0.0005104045094789775,-0.0012123615129909,0.4876847290640394,-0.001727741875231384,-0.0054665633478089,0.43842364532019706,-0.0028602737418423883,-0.0117949257118693,0.39901477832512317,0.239586733816788,-0.1417529499061852
net,26W,mm_net_velocity_26w,0 to 20,178,0.002968024547140166,0.0051258850792477,0.6123595505617978,0.004548656695718891,0.0033583429000329503,0.5393258426966292,0.006775282881559336,0.006895629411365499,0.5898876404494382,0.012997106474550171,0.008128703754429499,0.5617977528089888,0.1423287258562418,-0.1041480677009309
net,26W,mm_net_velocity_26w,20 to 40,97,0.005537932709733978,0.0049925094945393,0.6082474226804123,0.011906410741371833,0.0114817916550635,0.711340206185567,0.022550573625490136,0.0229152835846986,0.6907216494845361,0.03630604284672674,0.0316675689706249,0.7216494845360825,0.2391145624670039,-0.0555093362665104
net,26W,mm_net_velocity_26w,>= 40,111,0.006689236460853662,0.0081029774485592,0.6306306306306306,0.015441032295973465,0.0158468757647642,0.6936936936936937,0.03288804598941314,0.0331336838562243,0.7837837837837838,0.05577490798144896,0.0554804520049541,0.8468468468468469,0.1804098397837659,-0.045643465696193
