feature_group,window,feature_name,horizon,correlation,rank_correlation,absolute_rank_correlation,high_low_spread,sample_count,weekly_change_avg,weekly_change_median,weekly_change_std,extreme_jump_count,stability_score,train_rank_corr,test_rank_corr,train_high_low_spread,test_high_low_spread,direction_consistency,information_score,train_test_score,interpretability_score,total_score,recommended,reason
long,12W,mm_long_velocity_12w,1W,0.12148741337715149,0.15813461074758595,0.15813461074758595,0.0079109542188263,860,0.11222419506089558,0.07051282051282048,0.12466396326873956,76,67.16666666666667,0.14325650317025682,0.1743412309483434,0.0059693065123810505,0.011546147950439699,True,91.83333333333333,100.0,90.0,87.525,False,medium swing velocity candidate; train/test direction is consistent; historical structure research only
long,26W,mm_long_velocity_26w,1W,0.1397297389826843,0.14771172926941697,0.14771172926941697,0.00857282741744695,846,0.11024510913069721,0.07692307692307687,0.11135438898901893,64,46.83333333333333,0.14193860441032485,0.1396448259062011,0.005414050882078,0.009808984695336049,True,93.41666666666666,100.0,65.0,80.575,False,medium-term window; slower response; train/test direction is consistent; historical structure research only
long,4W,mm_long_velocity_4w,1W,0.21803832559919026,0.258912236413641,0.258912236413641,0.0151436488559538,868,0.11187233481271078,0.07517153539586674,0.12402919263670328,73,60.5,0.2581169876085067,0.25687585537035734,0.01602400019098525,0.0169724685572312,True,70.33333333333333,100.0,85.0,76.75833333333333,False,short-term velocity candidate; train/test direction is consistent; historical structure research only
long,8W,mm_long_velocity_8w,1W,0.1784856384166873,0.21862485544376778,0.21862485544376778,0.010221787882523498,864,0.10525983022345785,0.06410256410256411,0.11630288986032933,58,39.0,0.19753448590444772,0.2410996739316484,0.0116332726725421,0.0130397752882357,True,79.16666666666666,100.0,95.0,75.91666666666666,False,current swing velocity baseline; train/test direction is consistent; historical structure research only
long,2W,mm_long_velocity_2w,1W,0.2978760581441192,0.3861312924919561,0.3861312924919561,0.02063573609330445,870,0.10526636829239482,0.06410256410256415,0.12188036419816335,63,48.166666666666664,0.40384338692619975,0.370502455215983,0.02047169459365485,0.0227519375307225,True,43.416666666666664,100.0,55.0,59.90833333333333,True,short-term window; higher noise risk; train/test direction is consistent; historical structure research only
long,12W,mm_long_velocity_12w,2W,0.21262117004544367,0.24850237358816102,0.24850237358816102,0.0204832454386552,860,0.11222419506089558,0.07051282051282048,0.12466396326873956,76,67.16666666666667,0.238416194462918,0.25471366328689793,0.014469866758392999,0.0209201878532426,True,67.83333333333333,100.0,90.0,77.925,False,medium swing velocity candidate; train/test direction is consistent; historical structure research only
long,26W,mm_long_velocity_26w,2W,0.22633984323009185,0.22123323560743402,0.22123323560743402,0.01643034988433375,846,0.11024510913069721,0.07692307692307687,0.11135438898901893,64,46.83333333333333,0.23044574730290984,0.1986565795411143,0.0174785964791917,0.0158278502314293,True,74.08333333333333,100.0,65.0,72.84166666666667,False,medium-term window; slower response; train/test direction is consistent; historical structure research only
long,8W,mm_long_velocity_8w,2W,0.27885004799333063,0.32305430972762267,0.32305430972762267,0.0244444029324,864,0.10525983022345785,0.06410256410256411,0.11630288986032933,58,39.0,0.30733945491865605,0.3431617944650705,0.024130666861416798,0.025604967543046753,True,49.25,100.0,95.0,63.95,False,current swing velocity baseline; train/test direction is consistent; historical structure research only
long,4W,mm_long_velocity_4w,2W,0.3464899294725481,0.4284622567296086,0.4284622567296086,0.03127632857778305,868,0.11187233481271078,0.07517153539586674,0.12402919263670328,73,60.5,0.4330305748037613,0.4179947941133366,0.03545127165630755,0.0268683949728611,True,26.833333333333332,100.0,85.0,59.358333333333334,False,short-term velocity candidate; train/test direction is consistent; historical structure research only
long,2W,mm_long_velocity_2w,2W,0.47992485546526126,0.6126757823553922,0.6126757823553922,0.043405991295177096,870,0.10526636829239482,0.06410256410256415,0.12188036419816335,63,48.166666666666664,0.6392307899619158,0.5865933976384147,0.042769793483598495,0.0476603718950027,True,14.416666666666668,100.0,55.0,48.30833333333334,True,short-term window; higher noise risk; train/test direction is consistent; historical structure research only
long,12W,mm_long_velocity_12w,4W,0.33118055929681356,0.36756286983562714,0.36756286983562714,0.042663421546223546,860,0.11222419506089558,0.07051282051282048,0.12466396326873956,76,67.16666666666667,0.3830754894092546,0.34344110000678346,0.0431456903701737,0.042734313667312396,True,35.08333333333333,100.0,90.0,64.825,False,medium swing velocity candidate; train/test direction is consistent; historical structure research only
long,26W,mm_long_velocity_26w,4W,0.29234882140709434,0.28775642979805466,0.28775642979805466,0.03409929724463045,846,0.11024510913069721,0.07692307692307687,0.11135438898901893,64,46.83333333333333,0.33181117776411717,0.21811068883636758,0.03999337356236,0.0293980478701987,True,53.83333333333334,100.0,65.0,64.74166666666667,False,medium-term window; slower response; train/test direction is consistent; historical structure research only
long,8W,mm_long_velocity_8w,4W,0.37144844547691236,0.41757719902515694,0.41757719902515694,0.045590461995473605,864,0.10525983022345785,0.06410256410256411,0.11630288986032933,58,39.0,0.4325369352841629,0.40213410745443356,0.045144955255184104,0.05051649842164515,True,24.083333333333332,100.0,95.0,53.88333333333333,False,current swing velocity baseline; train/test direction is consistent; historical structure research only
long,4W,mm_long_velocity_4w,4W,0.47863239865981383,0.5650798264193038,0.5650798264193038,0.061338971627658945,868,0.11187233481271078,0.07517153539586674,0.12402919263670328,73,60.5,0.6098495279048555,0.5081083524700165,0.06698127612013895,0.0574875527721129,True,9.583333333333334,100.0,85.0,52.458333333333336,False,short-term velocity candidate; train/test direction is consistent; historical structure research only
long,2W,mm_long_velocity_2w,4W,0.32747267473428243,0.4104188755212736,0.4104188755212736,0.0492575535324173,870,0.10526636829239482,0.06410256410256415,0.12188036419816335,63,48.166666666666664,0.5047811085893429,0.3013981981715235,0.052840811485068445,0.0410419310600268,True,23.916666666666664,100.0,55.0,52.108333333333334,True,short-term window; higher noise risk; train/test direction is consistent; historical structure research only
long,2W,mm_long_velocity_2w,8W,0.12443495704885706,0.19027859681984882,0.19027859681984882,0.030464143400790053,870,0.10526636829239482,0.06410256410256415,0.12188036419816335,63,48.166666666666664,0.23358542655140144,0.14999130533590427,0.03328176173283055,0.0365933603192636,True,75.08333333333333,100.0,55.0,72.57499999999999,True,short-term window; higher noise risk; train/test direction is consistent; historical structure research only
long,4W,mm_long_velocity_4w,8W,0.19798182758811583,0.2531168860626245,0.2531168860626245,0.049221915415664105,868,0.11187233481271078,0.07517153539586674,0.12402919263670328,73,60.5,0.30421293203132765,0.18119377738558887,0.04740750639065735,0.0485297909472009,True,51.583333333333336,100.0,85.0,69.25833333333334,False,short-term velocity candidate; train/test direction is consistent; historical structure research only
long,26W,mm_long_velocity_26w,8W,0.2972687436892221,0.3088741952699442,0.3088741952699442,0.052210418548255054,846,0.11024510913069721,0.07692307692307687,0.11135438898901893,64,46.83333333333333,0.39961374831117175,0.18466958498043107,0.0634972354880962,0.023963065594869153,True,37.916666666666664,100.0,65.0,58.375,False,medium-term window; slower response; train/test direction is consistent; historical structure research only
long,12W,mm_long_velocity_12w,8W,0.3743497894080064,0.41949157204404,0.41949157204404,0.07088477458715844,860,0.11222419506089558,0.07051282051282048,0.12466396326873956,76,67.16666666666667,0.4734748769240658,0.34439017041375014,0.07396915393213119,0.055863329051328,True,13.166666666666666,100.0,90.0,56.05833333333334,False,medium swing velocity candidate; train/test direction is consistent; historical structure research only
long,8W,mm_long_velocity_8w,8W,0.422450555604327,0.4730720642879976,0.4730720642879976,0.0794232960041252,864,0.10525983022345785,0.06410256410256411,0.11630288986032933,58,39.0,0.5525168471356368,0.3772447424662045,0.08557937306236771,0.073903295105807,True,5.999999999999999,100.0,95.0,46.65,False,current swing velocity baseline; train/test direction is consistent; historical structure research only
net,12W,mm_net_velocity_12w,1W,0.11213200030211386,0.15232863759754764,0.15232863759754764,0.0090889350490506,829,0.10284527406132622,0.07008217085957331,0.10660064798087543,50,18.5,0.12790169361586065,0.16989363337499688,0.0034158076995412,0.012395798052091001,True,91.16666666666666,100.0,90.0,75.09166666666667,False,medium swing velocity candidate; train/test direction is consistent; historical structure research only
net,26W,mm_net_velocity_26w,1W,0.13875607100314835,0.14456151948636065,0.14456151948636065,0.011204472005488998,815,0.10303921185071803,0.07051282051282053,0.10097074211679447,47,18.166666666666668,0.13414135422195023,0.14355025820533573,0.00760139536940835,0.01254424437842145,True,91.58333333333333,100.0,65.0,72.675,False,medium-term window; slower response; train/test direction is consistent; historical structure research only
net,8W,mm_net_velocity_8w,1W,0.1659846801420653,0.2093388440578191,0.2093388440578191,0.014331613198484649,833,0.09868771488455871,0.0641025641025641,0.10071630007327112,44,7.833333333333334,0.1813636218588733,0.22790887876290217,0.011242887195835199,0.0182765429169057,True,79.58333333333333,100.0,95.0,68.29166666666666,False,current swing velocity baseline; train/test direction is consistent; historical structure research only
net,4W,mm_net_velocity_4w,1W,0.20841119623780244,0.26614948137718764,0.26614948137718764,0.0178238350996681,837,0.10311570449861367,0.07051282051282048,0.11019812894125623,58,31.333333333333336,0.27146925596232424,0.26259603265712567,0.0176885091106581,0.018971088739894303,True,66.91666666666667,100.0,85.0,68.1,True,short-term velocity candidate; train/test direction is consistent; historical structure research only
net,2W,mm_net_velocity_2w,1W,0.3048121233709807,0.3885094727641725,0.3885094727641725,0.02158748021324925,839,0.09425683383912206,0.05769230769230771,0.10698386657686917,49,12.166666666666666,0.41381204397406646,0.36590281522435397,0.021436678891819702,0.0220759409929679,True,41.75,100.0,55.0,50.24166666666667,False,short-term window; higher noise risk; train/test direction is consistent; historical structure research only
net,12W,mm_net_velocity_12w,2W,0.19885036321745111,0.23820693392494693,0.23820693392494693,0.0223029436091229,829,0.10284527406132622,0.07008217085957331,0.10660064798087543,50,18.5,0.2304962989689413,0.23480510582750216,0.0189711006504884,0.020671215840642153,True,67.16666666666666,100.0,90.0,65.49166666666666,False,medium swing velocity candidate; train/test direction is consistent; historical structure research only
net,26W,mm_net_velocity_26w,2W,0.22477600958176525,0.22108114748452048,0.22108114748452048,0.018559983281241352,815,0.10303921185071803,0.07051282051282053,0.10097074211679447,47,18.166666666666668,0.23600966486271033,0.19869143151657098,0.02178450087318535,0.017614237939793803,True,71.66666666666667,100.0,65.0,64.70833333333334,False,medium-term window; slower response; train/test direction is consistent; historical structure research only
net,8W,mm_net_velocity_8w,2W,0.26072333554717003,0.302417873630716,0.302417873630716,0.0262355546486817,833,0.09868771488455871,0.0641025641025641,0.10071630007327112,44,7.833333333333334,0.289779219659457,0.30866330401906256,0.0291784939675338,0.028710088896971,True,55.16666666666667,100.0,95.0,58.525000000000006,False,current swing velocity baseline; train/test direction is consistent; historical structure research only
net,4W,mm_net_velocity_4w,2W,0.33744109586215415,0.4197319815951587,0.4197319815951587,0.0331060394109966,837,0.10311570449861367,0.07051282051282048,0.11019812894125623,58,31.333333333333336,0.44500161603357286,0.38906059178076646,0.034683084515859455,0.0278244311116221,True,28.416666666666668,100.0,85.0,52.7,True,short-term velocity candidate; train/test direction is consistent; historical structure research only
net,2W,mm_net_velocity_2w,2W,0.48957313741429564,0.6157037758090055,0.6157037758090055,0.04378394018418545,839,0.09425683383912206,0.05769230769230771,0.10698386657686917,49,12.166666666666666,0.6623263964010928,0.5691664845359646,0.0451261492425866,0.0451000915979014,True,12.749999999999998,100.0,55.0,38.641666666666666,False,short-term window; higher noise risk; train/test direction is consistent; historical structure research only
net,26W,mm_net_velocity_26w,4W,0.3086288485606396,0.3030973775263361,0.3030973775263361,0.03701851671955815,815,0.10303921185071803,0.07051282051282053,0.10097074211679447,47,18.166666666666668,0.37842498842940153,0.21265894060440685,0.04977198535432325,0.02759210232514175,True,48.83333333333333,100.0,65.0,55.575,False,medium-term window; slower response; train/test direction is consistent; historical structure research only
net,12W,mm_net_velocity_12w,4W,0.31447780261124464,0.35294729715142725,0.35294729715142725,0.0430810436179667,829,0.10284527406132622,0.07008217085957331,0.10660064798087543,50,18.5,0.3749537971525583,0.3120944301636743,0.039418475388551796,0.0438429519813526,True,35.58333333333333,100.0,90.0,52.858333333333334,False,medium swing velocity candidate; train/test direction is consistent; historical structure research only
net,8W,mm_net_velocity_8w,4W,0.35021217216457595,0.3929174830472805,0.3929174830472805,0.0466018859534176,833,0.09868771488455871,0.0641025641025641,0.10071630007327112,44,7.833333333333334,0.4201999729535858,0.3511696991227914,0.048795260957225195,0.0448771088937687,True,27.25,100.0,95.0,47.358333333333334,False,current swing velocity baseline; train/test direction is consistent; historical structure research only
net,4W,mm_net_velocity_4w,4W,0.4835729771171954,0.5664010303587275,0.5664010303587275,0.06365182668792,837,0.10311570449861367,0.07051282051282048,0.11019812894125623,58,31.333333333333336,0.6448318777773429,0.4739157607778671,0.0701556737795831,0.0571467177598495,True,7.333333333333333,100.0,85.0,44.266666666666666,True,short-term velocity candidate; train/test direction is consistent; historical structure research only
net,2W,mm_net_velocity_2w,4W,0.3514056365619121,0.4220266561847335,0.4220266561847335,0.05136907978418485,839,0.09425683383912206,0.05769230769230771,0.10698386657686917,49,12.166666666666666,0.5494761146501884,0.27703940033418223,0.0630554501431544,0.04190242343249975,True,16.833333333333336,100.0,55.0,40.275,False,short-term window; higher noise risk; train/test direction is consistent; historical structure research only
net,2W,mm_net_velocity_2w,8W,0.14026621371574768,0.18865339882538357,0.18865339882538357,0.037929201853599645,839,0.09425683383912206,0.05769230769230771,0.10698386657686917,49,12.166666666666666,0.264162983927107,0.11796523798867356,0.0438886503901436,0.03688011980125245,True,72.08333333333333,100.0,55.0,62.375,False,short-term window; higher noise risk; train/test direction is consistent; historical structure research only
net,4W,mm_net_velocity_4w,8W,0.21441396298020965,0.267102318970767,0.267102318970767,0.05303567013129169,837,0.10311570449861367,0.07051282051282048,0.11019812894125623,58,31.333333333333336,0.36612764458620506,0.14957865250390395,0.0569027445625996,0.034698442376517896,True,46.0,100.0,85.0,59.733333333333334,True,short-term velocity candidate; train/test direction is consistent; historical structure research only
net,26W,mm_net_velocity_26w,8W,0.33553792727770393,0.34787467112773524,0.34787467112773524,0.06343205158075445,815,0.10303921185071803,0.07051282051282053,0.10097074211679447,47,18.166666666666668,0.48054358020432336,0.19872892110115584,0.0664041167333574,0.0428322818937167,True,28.5,100.0,65.0,47.44166666666666,False,medium-term window; slower response; train/test direction is consistent; historical structure research only
net,12W,mm_net_velocity_12w,8W,0.35807364956046595,0.40476091380463325,0.40476091380463325,0.0675857300649822,829,0.10284527406132622,0.07008217085957331,0.10660064798087543,50,18.5,0.4887605817228152,0.2943463332964867,0.0611996160527369,0.061567627123460096,True,19.166666666666664,100.0,90.0,46.291666666666664,False,medium swing velocity candidate; train/test direction is consistent; historical structure research only
net,8W,mm_net_velocity_8w,8W,0.41564120283572875,0.46354784120064807,0.46354784120064807,0.07686469343708324,833,0.09868771488455871,0.0641025641025641,0.10071630007327112,44,7.833333333333334,0.585057809321402,0.31746921473740125,0.085414623465425,0.0720317192605278,True,7.666666666666667,100.0,95.0,39.525,False,current swing velocity baseline; train/test direction is consistent; historical structure research only
short,8W,mm_short_velocity_8w,1W,-0.10888687335872194,-0.1443240889964408,0.1443240889964408,-0.009749142203540201,864,0.1244179136979242,0.08288040585264689,0.1310664947746601,82,87.83333333333334,-0.15740329931678984,-0.11602009833125179,-0.00869959919773905,-0.00719616056711465,True,93.83333333333333,100.0,95.0,93.99166666666667,False,current swing velocity baseline; train/test direction is consistent; historical structure research only
short,12W,mm_short_velocity_12w,1W,-0.11414309899974062,-0.13676596668352783,0.13676596668352783,-0.0087856939679981,860,0.12307766210372964,0.08333333333333326,0.1323431578447801,78,84.16666666666667,-0.15770139397555993,-0.10653236189586891,-0.0095204825493889,-0.0029419728823923998,True,96.08333333333334,100.0,90.0,93.47500000000001,False,medium swing velocity candidate; train/test direction is consistent; historical structure research only
short,4W,mm_short_velocity_4w,1W,-0.16676806481426226,-0.19241049349335068,0.19241049349335068,-0.0121326098523922,868,0.12486081656727968,0.08333333333333326,0.1432511506948448,78,95.5,-0.2553146353125807,-0.11297952835153983,-0.0155619210518486,-0.0073707597649575,True,84.5,100.0,85.0,91.17500000000001,False,short-term velocity candidate; train/test direction is consistent; historical structure research only
short,26W,mm_short_velocity_26w,1W,-0.12893109604944783,-0.13170627012221195,0.13170627012221195,-0.0071153380818762,846,0.116670226023161,0.07692307692307687,0.12067767223822266,72,66.5,-0.13263506509484416,-0.11467431829033643,-0.0063951094713338,-0.0091122016148143,True,98.91666666666666,100.0,65.0,87.69166666666666,False,medium-term window; slower response; train/test direction is consistent; historical structure research only
short,2W,mm_short_velocity_2w,1W,-0.2203244159036462,-0.2734456144600966,0.2734456144600966,-0.016830133922777497,870,0.11661990285749134,0.07367493617493615,0.1326574217472468,78,78.83333333333334,-0.3366630626942471,-0.19324853522249422,-0.017962818457663503,-0.0087647696541531,True,65.91666666666667,100.0,55.0,76.575,True,short-term window; higher noise risk; train/test direction is consistent; historical structure research only
short,8W,mm_short_velocity_8w,2W,-0.17130088114190323,-0.20238058088201252,0.20238058088201252,-0.0179537103927316,864,0.1244179136979242,0.08288040585264689,0.1310664947746601,82,87.83333333333334,-0.25062349385881605,-0.13167998122161018,-0.021194406808695297,-0.0117300020724083,True,78.25,100.0,95.0,87.75833333333334,False,current swing velocity baseline; train/test direction is consistent; historical structure research only
short,12W,mm_short_velocity_12w,2W,-0.17262764638043088,-0.21552760100617266,0.21552760100617266,-0.0184632295779277,860,0.12307766210372964,0.08333333333333326,0.1323431578447801,78,84.16666666666667,-0.2657314805682724,-0.14766412390275327,-0.01942802275916255,-0.01361294995626595,True,74.41666666666666,100.0,90.0,84.80833333333334,False,medium swing velocity candidate; train/test direction is consistent; historical structure research only
short,26W,mm_short_velocity_26w,2W,-0.19932093894801925,-0.20052857775783287,0.20052857775783287,-0.017061846407942498,846,0.116670226023161,0.07692307692307687,0.12067767223822266,72,66.5,-0.23433910637267139,-0.14802460531552405,-0.0212859169452621,-0.0121165430160297,True,80.5,100.0,65.0,80.325,False,medium-term window; slower response; train/test direction is consistent; historical structure research only
short,4W,mm_short_velocity_4w,2W,-0.27092436806639375,-0.3046826851746998,0.3046826851746998,-0.0279742971727192,868,0.12486081656727968,0.08333333333333326,0.1432511506948448,78,95.5,-0.41741104197068407,-0.15550464875945813,-0.03385710807811525,-0.01692000089952225,True,51.833333333333336,100.0,85.0,78.10833333333333,False,short-term velocity candidate; train/test direction is consistent; historical structure research only
short,2W,mm_short_velocity_2w,2W,-0.34460000823127324,-0.4175525765894338,0.4175525765894338,-0.03680561740033825,870,0.11661990285749134,0.07367493617493615,0.1326574217472468,78,78.83333333333334,-0.5436463565311693,-0.25359966446710247,-0.04002010918711225,-0.0206318132955333,True,31.0,100.0,55.0,62.608333333333334,True,short-term window; higher noise risk; train/test direction is consistent; historical structure research only
short,8W,mm_short_velocity_8w,4W,-0.2575039976554463,-0.28131255689898954,0.28131255689898954,-0.0392389693209871,864,0.1244179136979242,0.08288040585264689,0.1310664947746601,82,87.83333333333334,-0.3795573719976488,-0.138891751435358,-0.048856786283939996,-0.013391305670049751,True,52.0,100.0,95.0,77.25833333333334,False,current swing velocity baseline; train/test direction is consistent; historical structure research only
short,12W,mm_short_velocity_12w,4W,-0.2737066741583495,-0.3107262683496717,0.3107262683496717,-0.0410261470071121,860,0.12307766210372964,0.08333333333333326,0.1323431578447801,78,84.16666666666667,-0.3860660768182007,-0.20359115250935705,-0.04474505822782445,-0.026320529339109246,True,43.25,100.0,90.0,72.34166666666667,False,medium swing velocity candidate; train/test direction is consistent; historical structure research only
short,26W,mm_short_velocity_26w,4W,-0.3021472612211278,-0.296686470096505,0.296686470096505,-0.0362508017182876,846,0.116670226023161,0.07692307692307687,0.12067767223822266,72,66.5,-0.38008603501085764,-0.17863342633424845,-0.0438680171777692,-0.0284421172151231,True,52.16666666666667,100.0,65.0,68.99166666666667,False,medium-term window; slower response; train/test direction is consistent; historical structure research only
short,2W,mm_short_velocity_2w,4W,-0.28468644614223665,-0.31973044788498567,0.31973044788498567,-0.046256831609257656,870,0.11661990285749134,0.07367493617493615,0.1326574217472468,78,78.83333333333334,-0.45500297231944625,-0.1469085035268758,-0.0528655381277063,-0.0207164142738103,True,38.66666666666667,100.0,55.0,65.67500000000001,True,short-term window; higher noise risk; train/test direction is consistent; historical structure research only
short,4W,mm_short_velocity_4w,4W,-0.39721941769477964,-0.4183197381378856,0.4183197381378856,-0.05664497732192765,868,0.12486081656727968,0.08333333333333326,0.1432511506948448,78,95.5,-0.5857250644002971,-0.2001162920770652,-0.0753596314228685,-0.03623311459725075,True,17.75,100.0,85.0,64.475,False,short-term velocity candidate; train/test direction is consistent; historical structure research only
short,2W,mm_short_velocity_2w,8W,-0.11371140732398287,-0.12839842037382349,0.12839842037382349,-0.026561939886565498,870,0.11661990285749134,0.07367493617493615,0.1326574217472468,78,78.83333333333334,-0.21058757671491177,-0.03500244651244399,-0.02972355382449045,-0.018558024715546798,True,86.0,100.0,55.0,84.60833333333333,True,short-term window; higher noise risk; train/test direction is consistent; historical structure research only
short,4W,mm_short_velocity_4w,8W,-0.19549538058779334,-0.2060283160563006,0.2060283160563006,-0.0404645041978943,868,0.12486081656727968,0.08333333333333326,0.1432511506948448,78,95.5,-0.3411368809023823,-0.041537366104182114,-0.0561074828110914,-0.018153789619749047,True,65.5,100.0,85.0,83.575,False,short-term velocity candidate; train/test direction is consistent; historical structure research only
short,12W,mm_short_velocity_12w,8W,-0.2997146638069298,-0.34286985178033563,0.34286985178033563,-0.0654648086854223,860,0.12307766210372964,0.08333333333333326,0.1323431578447801,78,84.16666666666667,-0.45428508086605335,-0.180599779926486,-0.06354735385678255,-0.0458082485288878,True,29.5,100.0,90.0,66.84166666666667,False,medium swing velocity candidate; train/test direction is consistent; historical structure research only
short,8W,mm_short_velocity_8w,8W,-0.34942249290334926,-0.3841701996632074,0.3841701996632074,-0.0768417987380714,864,0.1244179136979242,0.08288040585264689,0.1310664947746601,82,87.83333333333334,-0.5672399252410123,-0.14352937784017625,-0.09032023411906734,-0.03274674167395315,True,22.333333333333332,100.0,95.0,65.39166666666667,False,current swing velocity baseline; train/test direction is consistent; historical structure research only
short,26W,mm_short_velocity_26w,8W,-0.33464542971620476,-0.34320286229254193,0.34320286229254193,-0.0566144164658758,846,0.116670226023161,0.07692307692307687,0.12067767223822266,72,66.5,-0.43061821851031323,-0.22463414855422345,-0.0635657623143587,-0.060809714246330616,True,31.333333333333336,100.0,65.0,60.65833333333333,False,medium-term window; slower response; train/test direction is consistent; historical structure research only
