factor,definition,horizon,train_score,test_score,stability_score,recommended,reason
MM,260W percentile,1W,44.11,67.51,69.07,True,Top production-eligible score for this factor/horizon; stability score 69.1.
MM,260W zscore,1W,44.29,66.3,68.71,False,Not the top production-eligible score for this factor/horizon; consistent_spread_sign; stability score 68.7.
MM,156W percentile,1W,47.61,62.22,68.44,False,Not the top production-eligible score for this factor/horizon; consistent_spread_sign; stability score 68.4.
MM,104W zscore,1W,54.8,54.82,68.37,False,Not the top production-eligible score for this factor/horizon; consistent_spread_sign; stability score 68.4.
MM,52W percentile,1W,56.76,44.49,65.44,False,Not the top production-eligible score for this factor/horizon; consistent_spread_sign; stability score 65.4.
MM,52W zscore,1W,56.4,42.11,64.48,False,Not the top production-eligible score for this factor/horizon; consistent_spread_sign; stability score 64.5.
MM,104W percentile,1W,58.68,58.69,41.08,False,Not the top production-eligible score for this factor/horizon; opposite_spread_sign; stability score 41.1.
MM,156W zscore,1W,54.89,60.08,40.24,False,Not the top production-eligible score for this factor/horizon; opposite_spread_sign; stability score 40.2.
MM,Full History percentile,1W,34.47,63.12,34.16,False,"Research benchmark only; full-history ordering uses the whole sample, stability score 34.2."
MM,52W percentile,2W,74.12,46.24,72.13,True,Top production-eligible score for this factor/horizon; stability score 72.1.
MM,260W zscore,2W,50.13,69.72,71.95,False,Not the top production-eligible score for this factor/horizon; consistent_spread_sign; stability score 71.9.
MM,52W zscore,2W,69.63,47.73,71.08,False,Not the top production-eligible score for this factor/horizon; consistent_spread_sign; stability score 71.1.
MM,104W zscore,2W,68.95,65.85,47.18,False,Not the top production-eligible score for this factor/horizon; opposite_spread_sign; stability score 47.2.
MM,260W percentile,2W,55.6,77.52,46.59,False,Not the top production-eligible score for this factor/horizon; opposite_spread_sign; stability score 46.6.
MM,156W zscore,2W,63.53,69.38,46.52,False,Not the top production-eligible score for this factor/horizon; opposite_spread_sign; stability score 46.5.
MM,156W percentile,2W,66.91,64.74,46.08,False,Not the top production-eligible score for this factor/horizon; opposite_spread_sign; stability score 46.1.
MM,104W percentile,2W,68.21,48.06,40.7,False,Not the top production-eligible score for this factor/horizon; opposite_spread_sign; stability score 40.7.
MM,Full History percentile,2W,36.81,65.39,35.77,False,"Research benchmark only; full-history ordering uses the whole sample, stability score 35.8."
MM,260W percentile,4W,61.53,84.89,81.24,True,Top production-eligible score for this factor/horizon; stability score 81.2.
MM,260W zscore,4W,56.57,78.54,77.29,False,Not the top production-eligible score for this factor/horizon; consistent_spread_sign; stability score 77.3.
MM,52W percentile,4W,80.27,38.37,71.52,False,Not the top production-eligible score for this factor/horizon; consistent_spread_sign; stability score 71.5.
MM,52W zscore,4W,72.54,42.51,70.27,False,Not the top production-eligible score for this factor/horizon; consistent_spread_sign; stability score 70.3.
MM,156W percentile,4W,69.89,78.27,51.85,False,Not the top production-eligible score for this factor/horizon; opposite_spread_sign; stability score 51.9.
MM,104W zscore,4W,76.0,70.73,51.36,False,Not the top production-eligible score for this factor/horizon; opposite_spread_sign; stability score 51.4.
MM,156W zscore,4W,62.24,79.87,49.74,False,Not the top production-eligible score for this factor/horizon; opposite_spread_sign; stability score 49.7.
MM,104W percentile,4W,76.51,65.2,49.6,False,Not the top production-eligible score for this factor/horizon; opposite_spread_sign; stability score 49.6.
MM,Full History percentile,4W,35.55,72.14,37.69,False,"Research benchmark only; full-history ordering uses the whole sample, stability score 37.7."
MM,Full History percentile,8W,49.38,77.56,74.43,False,"Research benchmark only; full-history ordering uses the whole sample, stability score 74.4."
MM,260W zscore,8W,47.69,78.67,74.23,True,Top production-eligible score for this factor/horizon; stability score 74.2.
MM,52W zscore,8W,78.25,37.33,70.45,False,Not the top production-eligible score for this factor/horizon; consistent_spread_sign; stability score 70.5.
MM,104W percentile,8W,78.69,82.93,56.57,False,Not the top production-eligible score for this factor/horizon; opposite_spread_sign; stability score 56.6.
MM,104W zscore,8W,71.7,86.29,55.29,False,Not the top production-eligible score for this factor/horizon; opposite_spread_sign; stability score 55.3.
MM,156W percentile,8W,66.96,90.55,55.13,False,Not the top production-eligible score for this factor/horizon; opposite_spread_sign; stability score 55.1.
MM,156W zscore,8W,57.2,86.29,50.22,False,Not the top production-eligible score for this factor/horizon; opposite_spread_sign; stability score 50.2.
MM,260W percentile,8W,54.72,85.36,49.03,False,Not the top production-eligible score for this factor/horizon; opposite_spread_sign; stability score 49.0.
MM,52W percentile,8W,87.02,46.71,46.81,False,Not the top production-eligible score for this factor/horizon; opposite_spread_sign; stability score 46.8.
OI,52W percentile,1W,83.33,45.27,75.01,True,Top production-eligible score for this factor/horizon; stability score 75.0.
OI,52W zscore,1W,78.49,42.57,72.37,False,Not the top production-eligible score for this factor/horizon; consistent_spread_sign; stability score 72.4.
OI,104W percentile,1W,59.7,54.18,69.86,False,Not the top production-eligible score for this factor/horizon; consistent_spread_sign; stability score 69.9.
OI,156W percentile,1W,46.18,55.78,65.69,False,Not the top production-eligible score for this factor/horizon; consistent_spread_sign; stability score 65.7.
OI,Full History percentile,1W,35.54,39.59,56.29,False,"Research benchmark only; full-history ordering uses the whole sample, stability score 56.3."
OI,104W zscore,1W,61.08,58.0,41.68,False,Not the top production-eligible score for this factor/horizon; opposite_spread_sign; stability score 41.7.
OI,156W zscore,1W,49.97,54.06,36.41,False,Not the top production-eligible score for this factor/horizon; opposite_spread_sign; stability score 36.4.
OI,260W percentile,1W,40.76,48.55,31.26,False,Not the top production-eligible score for this factor/horizon; opposite_spread_sign; stability score 31.3.
OI,260W zscore,1W,40.27,41.92,28.77,False,Not the top production-eligible score for this factor/horizon; opposite_spread_sign; stability score 28.8.
OI,52W percentile,2W,87.63,39.24,74.4,True,Top production-eligible score for this factor/horizon; stability score 74.4.
OI,52W zscore,2W,85.79,36.03,72.64,False,Not the top production-eligible score for this factor/horizon; consistent_spread_sign; stability score 72.6.
OI,104W percentile,2W,66.56,46.39,69.53,False,Not the top production-eligible score for this factor/horizon; consistent_spread_sign; stability score 69.5.
OI,Full History percentile,2W,35.29,60.16,63.41,False,"Research benchmark only; full-history ordering uses the whole sample, stability score 63.4."
OI,260W percentile,2W,40.71,40.86,58.55,False,Not the top production-eligible score for this factor/horizon; consistent_spread_sign; stability score 58.5.
OI,104W zscore,2W,63.06,55.25,41.41,False,Not the top production-eligible score for this factor/horizon; opposite_spread_sign; stability score 41.4.
OI,156W zscore,2W,53.51,54.19,37.7,False,Not the top production-eligible score for this factor/horizon; opposite_spread_sign; stability score 37.7.
OI,156W percentile,2W,47.83,46.5,33.01,False,Not the top production-eligible score for this factor/horizon; opposite_spread_sign; stability score 33.0.
OI,260W zscore,2W,41.46,37.36,27.58,False,Not the top production-eligible score for this factor/horizon; opposite_spread_sign; stability score 27.6.
OI,52W percentile,4W,94.12,49.37,80.22,True,Top production-eligible score for this factor/horizon; stability score 80.2.
OI,Full History percentile,4W,47.14,77.54,73.64,False,"Research benchmark only; full-history ordering uses the whole sample, stability score 73.6."
OI,52W zscore,4W,87.43,35.5,73.03,False,Not the top production-eligible score for this factor/horizon; consistent_spread_sign; stability score 73.0.
OI,260W zscore,4W,32.51,43.11,56.47,False,Not the top production-eligible score for this factor/horizon; consistent_spread_sign; stability score 56.5.
OI,104W zscore,4W,58.84,53.8,39.42,False,Not the top production-eligible score for this factor/horizon; opposite_spread_sign; stability score 39.4.
OI,104W percentile,4W,55.58,50.49,37.12,False,Not the top production-eligible score for this factor/horizon; opposite_spread_sign; stability score 37.1.
OI,156W zscore,4W,43.19,50.43,32.77,False,Not the top production-eligible score for this factor/horizon; opposite_spread_sign; stability score 32.8.
OI,260W percentile,4W,36.83,53.42,31.59,False,Not the top production-eligible score for this factor/horizon; opposite_spread_sign; stability score 31.6.
OI,156W percentile,4W,37.31,46.27,29.25,False,Not the top production-eligible score for this factor/horizon; opposite_spread_sign; stability score 29.3.
OI,52W percentile,8W,89.44,68.79,85.38,True,Top production-eligible score for this factor/horizon; stability score 85.4.
OI,52W zscore,8W,85.18,57.55,79.95,False,Not the top production-eligible score for this factor/horizon; consistent_spread_sign; stability score 80.0.
OI,156W zscore,8W,43.83,35.38,57.72,False,Not the top production-eligible score for this factor/horizon; consistent_spread_sign; stability score 57.7.
OI,104W zscore,8W,41.25,35.43,56.84,False,Not the top production-eligible score for this factor/horizon; consistent_spread_sign; stability score 56.8.
OI,Full History percentile,8W,70.45,84.49,54.23,False,"Research benchmark only; full-history ordering uses the whole sample, stability score 54.2."
OI,260W percentile,8W,57.98,89.04,51.46,False,Not the top production-eligible score for this factor/horizon; opposite_spread_sign; stability score 51.5.
OI,260W zscore,8W,58.14,77.96,47.64,False,Not the top production-eligible score for this factor/horizon; opposite_spread_sign; stability score 47.6.
OI,156W percentile,8W,59.89,46.47,37.22,False,Not the top production-eligible score for this factor/horizon; opposite_spread_sign; stability score 37.2.
OI,104W percentile,8W,43.98,43.52,30.63,False,Not the top production-eligible score for this factor/horizon; opposite_spread_sign; stability score 30.6.
Producer,104W percentile,1W,66.34,95.44,86.62,True,Top production-eligible score for this factor/horizon; stability score 86.6.
Producer,52W percentile,1W,71.13,76.77,81.76,False,Not the top production-eligible score for this factor/horizon; consistent_spread_sign; stability score 81.8.
Producer,52W zscore,1W,63.68,72.4,77.63,False,Not the top production-eligible score for this factor/horizon; consistent_spread_sign; stability score 77.6.
Producer,156W zscore,1W,38.89,92.22,75.89,False,Not the top production-eligible score for this factor/horizon; consistent_spread_sign; stability score 75.9.
Producer,260W zscore,1W,38.32,89.1,74.6,False,Not the top production-eligible score for this factor/horizon; consistent_spread_sign; stability score 74.6.
Producer,156W percentile,1W,52.48,94.06,51.29,False,Not the top production-eligible score for this factor/horizon; opposite_spread_sign; stability score 51.3.
Producer,260W percentile,1W,46.28,94.06,49.12,False,Not the top production-eligible score for this factor/horizon; opposite_spread_sign; stability score 49.1.
Producer,104W zscore,1W,51.46,88.06,48.83,False,Not the top production-eligible score for this factor/horizon; opposite_spread_sign; stability score 48.8.
Producer,Full History percentile,1W,43.23,59.93,36.11,False,"Research benchmark only; full-history ordering uses the whole sample, stability score 36.1."
Producer,104W percentile,2W,69.95,98.85,89.08,True,Top production-eligible score for this factor/horizon; stability score 89.1.
Producer,52W percentile,2W,77.93,84.62,86.89,False,Not the top production-eligible score for this factor/horizon; consistent_spread_sign; stability score 86.9.
Producer,52W zscore,2W,72.98,87.26,86.08,False,Not the top production-eligible score for this factor/horizon; consistent_spread_sign; stability score 86.1.
Producer,156W zscore,2W,41.23,94.59,77.53,False,Not the top production-eligible score for this factor/horizon; consistent_spread_sign; stability score 77.5.
Producer,260W zscore,2W,39.39,91.82,75.92,False,Not the top production-eligible score for this factor/horizon; consistent_spread_sign; stability score 75.9.
Producer,156W percentile,2W,57.97,93.66,53.07,False,Not the top production-eligible score for this factor/horizon; opposite_spread_sign; stability score 53.1.
Producer,104W zscore,2W,58.02,88.7,51.35,False,Not the top production-eligible score for this factor/horizon; opposite_spread_sign; stability score 51.4.
Producer,260W percentile,2W,48.4,96.77,50.81,False,Not the top production-eligible score for this factor/horizon; opposite_spread_sign; stability score 50.8.
Producer,Full History percentile,2W,40.3,49.73,31.51,False,"Research benchmark only; full-history ordering uses the whole sample, stability score 31.5."
Producer,52W zscore,4W,75.66,83.39,85.67,True,Top production-eligible score for this factor/horizon; stability score 85.7.
Producer,260W zscore,4W,42.46,89.97,76.35,False,Not the top production-eligible score for this factor/horizon; consistent_spread_sign; stability score 76.4.
Producer,156W zscore,4W,39.65,92.74,76.34,False,Not the top production-eligible score for this factor/horizon; consistent_spread_sign; stability score 76.3.
Producer,104W percentile,4W,77.5,98.74,61.68,False,Not the top production-eligible score for this factor/horizon; opposite_spread_sign; stability score 61.7.
Producer,52W percentile,4W,78.54,82.75,56.45,False,Not the top production-eligible score for this factor/horizon; opposite_spread_sign; stability score 56.5.
Producer,104W zscore,4W,68.44,92.4,56.29,False,Not the top production-eligible score for this factor/horizon; opposite_spread_sign; stability score 56.3.
Producer,156W percentile,4W,59.83,98.05,55.26,False,Not the top production-eligible score for this factor/horizon; opposite_spread_sign; stability score 55.3.
Producer,260W percentile,4W,58.87,94.58,53.71,False,Not the top production-eligible score for this factor/horizon; opposite_spread_sign; stability score 53.7.
Producer,Full History percentile,4W,38.31,45.73,29.42,False,"Research benchmark only; full-history ordering uses the whole sample, stability score 29.4."
Producer,52W percentile,8W,78.71,90.21,89.12,True,Top production-eligible score for this factor/horizon; stability score 89.1.
Producer,104W percentile,8W,69.72,96.09,88.04,False,Not the top production-eligible score for this factor/horizon; consistent_spread_sign; stability score 88.0.
Producer,52W zscore,8W,75.48,88.71,87.47,False,Not the top production-eligible score for this factor/horizon; consistent_spread_sign; stability score 87.5.
Producer,104W zscore,8W,53.08,91.83,80.72,False,Not the top production-eligible score for this factor/horizon; consistent_spread_sign; stability score 80.7.
Producer,156W percentile,8W,46.55,97.48,80.41,False,Not the top production-eligible score for this factor/horizon; consistent_spread_sign; stability score 80.4.
Producer,260W percentile,8W,46.76,92.98,78.91,False,Not the top production-eligible score for this factor/horizon; consistent_spread_sign; stability score 78.9.
Producer,156W zscore,8W,36.77,89.75,74.28,False,Not the top production-eligible score for this factor/horizon; consistent_spread_sign; stability score 74.3.
Producer,260W zscore,8W,33.05,91.83,73.71,False,Not the top production-eligible score for this factor/horizon; consistent_spread_sign; stability score 73.7.
Producer,Full History percentile,8W,55.65,36.36,32.2,False,"Research benchmark only; full-history ordering uses the whole sample, stability score 32.2."
