factor,sample_split,gold_regime,forward_horizon,percentile_bucket,count,avg_forward_return,median_forward_return,win_rate,max_drawdown_after_signal
swap_net_percentile_156w,all,all,1W,0-10 percentile,151,0.0019880434317096326,0.0031797692498782837,0.5562913907284768,-0.0634998610408457
swap_net_percentile_156w,all,all,1W,10-20 percentile,79,0.0012299163146227306,-0.001827294536592028,0.4810126582278481,-0.0808871997749745
swap_net_percentile_156w,all,all,1W,20-30 percentile,73,0.0021915745784176917,0.005814625326651779,0.5616438356164384,-0.05215110917197907
swap_net_percentile_156w,all,all,1W,30-40 percentile,70,-0.00025906761583213147,0.002096201715410362,0.5571428571428572,-0.12570918451764834
swap_net_percentile_156w,all,all,1W,40-50 percentile,58,0.0022743492344364123,0.003612914289122693,0.5689655172413793,-0.050276545080313984
swap_net_percentile_156w,all,all,1W,50-60 percentile,93,-0.0013141550453091044,-0.00022454650653336294,0.4946236559139785,-0.12104152623129605
swap_net_percentile_156w,all,all,1W,60-70 percentile,79,0.004842529702929917,0.0029628604985987295,0.5949367088607594,-0.027354871669572733
swap_net_percentile_156w,all,all,1W,70-80 percentile,57,0.0013957384924396662,0.004128731354406501,0.5964912280701754,-0.06717395609381072
swap_net_percentile_156w,all,all,1W,80-90 percentile,67,0.0008982975430537336,-5.476613855792678e-05,0.4925373134328358,-0.04078552288605297
swap_net_percentile_156w,all,all,1W,90-100 percentile,113,0.0032872014873865066,0.0025120497294532917,0.6017699115044248,-0.08635005098425519
swap_net_percentile_156w,all,all,2W,0-10 percentile,151,0.003353021095842206,0.0018051882556464616,0.5165562913907285,-0.0808871997749745
swap_net_percentile_156w,all,all,2W,10-20 percentile,78,0.0017834676775774088,0.0003275879362982792,0.5128205128205128,-0.0808871997749745
swap_net_percentile_156w,all,all,2W,20-30 percentile,73,0.008936255901911905,0.0077591948383135545,0.5616438356164384,-0.07259206798866857
swap_net_percentile_156w,all,all,2W,30-40 percentile,70,-0.001425022087865605,-0.0008789173519246907,0.4857142857142857,-0.12570918451764834
swap_net_percentile_156w,all,all,2W,40-50 percentile,58,0.0016286912226711958,-0.0005048465142110659,0.4827586206896552,-0.12570918451764834
swap_net_percentile_156w,all,all,2W,50-60 percentile,93,0.0015242694430545928,0.0036122265061968584,0.5698924731182796,-0.1602602167081586
swap_net_percentile_156w,all,all,2W,60-70 percentile,79,0.006663418651995012,0.0058098647230488965,0.620253164556962,-0.051127730952298944
swap_net_percentile_156w,all,all,2W,70-80 percentile,57,-0.00175771040714359,0.0005633389325470084,0.5087719298245614,-0.09000439206598332
swap_net_percentile_156w,all,all,2W,80-90 percentile,67,0.005274016305537961,-0.0005547419373918006,0.4925373134328358,-0.06468940995295891
swap_net_percentile_156w,all,all,2W,90-100 percentile,113,0.005979580353874136,0.006242251133369292,0.6194690265486725,-0.1062216467438084
swap_net_percentile_156w,all,all,4W,0-10 percentile,151,0.0059015405965523,0.004629874600873496,0.543046357615894,-0.0808871997749745
swap_net_percentile_156w,all,all,4W,10-20 percentile,76,0.007443352578218073,0.0030912658564101747,0.5394736842105263,-0.0830846920054108
swap_net_percentile_156w,all,all,4W,20-30 percentile,73,0.014474186268986462,0.009247021239420672,0.547945205479452,-0.0892351274787535
swap_net_percentile_156w,all,all,4W,30-40 percentile,70,-0.0008234205185867879,-0.007264766334441064,0.4714285714285714,-0.13932848829941735
swap_net_percentile_156w,all,all,4W,40-50 percentile,58,0.006819738788576827,0.000500527116717997,0.5,-0.12570918451764834
swap_net_percentile_156w,all,all,4W,50-60 percentile,93,0.0028696174893294664,0.005169108833688485,0.5268817204301075,-0.1602602167081586
swap_net_percentile_156w,all,all,4W,60-70 percentile,79,0.00408433239369131,0.0003175409677076413,0.5063291139240507,-0.10987044784366473
swap_net_percentile_156w,all,all,4W,70-80 percentile,57,0.006149591493414405,-0.0016564650344974563,0.49122807017543857,-0.09687728715618193
swap_net_percentile_156w,all,all,4W,80-90 percentile,67,0.010978228303995067,0.0044231541849852896,0.5671641791044776,-0.07851149906442356
swap_net_percentile_156w,all,all,4W,90-100 percentile,113,0.01117704310543815,0.016401927427676766,0.6814159292035398,-0.13647792390513236
swap_net_percentile_156w,all,all,8W,0-10 percentile,150,0.015053116688377915,0.013083411230815911,0.56,-0.11297587293794764
swap_net_percentile_156w,all,all,8W,10-20 percentile,74,0.014648519849213736,0.009187899350210471,0.5135135135135135,-0.1204135739072435
swap_net_percentile_156w,all,all,8W,20-30 percentile,72,0.03081576061801261,0.01738245843112196,0.5694444444444444,-0.10389974526436185
swap_net_percentile_156w,all,all,8W,30-40 percentile,70,0.0071380503831340175,0.001863923163291592,0.5,-0.1602602167081586
swap_net_percentile_156w,all,all,8W,40-50 percentile,58,0.006062167142220097,0.0014030730355576448,0.5172413793103449,-0.13830630684693912
swap_net_percentile_156w,all,all,8W,50-60 percentile,93,0.006675281077643001,0.0044181700660455014,0.5483870967741935,-0.1602602167081586
swap_net_percentile_156w,all,all,8W,60-70 percentile,79,-0.0017115693975980205,-0.01022062174796956,0.45569620253164556,-0.1602602167081586
swap_net_percentile_156w,all,all,8W,70-80 percentile,57,0.009341829978323082,0.0029646507791971644,0.5614035087719298,-0.14140658076298185
swap_net_percentile_156w,all,all,8W,80-90 percentile,67,0.01163573396880862,0.010785566601075436,0.5373134328358209,-0.13647792390513236
swap_net_percentile_156w,all,all,8W,90-100 percentile,113,0.0292296067304979,0.023757757933778656,0.6460176991150443,-0.13647792390513236
